game,opp_id,won,my_score,opp_score,t,total,ours,opp,uncertain,dead,created_exposed,own_half_exposed,cfg_margin,cfg_future_seed,cfg_created_near_tent_r,cfg_farm_r,raw
895549908,6480824,False,319.0,372.0,5,132,49,49,34,0,0,17,3,1,2,2,data/boss5_games/6480824/game_895549908.raw
895549908,6480824,False,319.0,372.0,10,142,53,53,36,0,0,18,3,1,2,2,data/boss5_games/6480824/game_895549908.raw
895549908,6480824,False,319.0,372.0,15,148,56,56,36,0,0,18,3,1,2,2,data/boss5_games/6480824/game_895549908.raw
895549908,6480824,False,319.0,372.0,20,150,56,56,38,0,0,19,3,1,2,2,data/boss5_games/6480824/game_895549908.raw
895549908,6480824,False,319.0,372.0,25,154,58,58,38,0,0,19,3,1,2,2,data/boss5_games/6480824/game_895549908.raw
895549908,6480824,False,319.0,372.0,30,154,77,58,19,0,0,0,3,1,2,2,data/boss5_games/6480824/game_895549908.raw
895549908,6480824,False,319.0,372.0,35,154,38,97,19,0,0,39,3,1,2,2,data/boss5_games/6480824/game_895549908.raw
895549908,6480824,False,319.0,372.0,40,159,61,78,20,0,0,20,3,1,2,2,data/boss5_games/6480824/game_895549908.raw
895549908,6480824,False,319.0,372.0,45,149,47,98,4,0,4,24,3,1,2,2,data/boss5_games/6480824/game_895549908.raw
895549908,6480824,False,319.0,372.0,50,160,63,97,0,0,0,20,3,1,2,2,data/boss5_games/6480824/game_895549908.raw
895549908,6480824,False,319.0,372.0,55,157,48,97,12,0,12,32,3,1,2,2,data/boss5_games/6480824/game_895549908.raw
895549908,6480824,False,319.0,372.0,60,148,36,96,16,0,16,36,3,1,2,2,data/boss5_games/6480824/game_895549908.raw
895549908,6480824,False,319.0,372.0,65,162,66,96,0,0,0,20,3,1,2,2,data/boss5_games/6480824/game_895549908.raw
895549908,6480824,False,319.0,372.0,70,164,68,76,20,0,0,20,3,1,2,2,data/boss5_games/6480824/game_895549908.raw
895549908,6480824,False,319.0,372.0,75,158,62,76,20,0,0,20,3,1,2,2,data/boss5_games/6480824/game_895549908.raw
895549908,6480824,False,319.0,372.0,80,146,50,76,20,0,0,20,3,1,2,2,data/boss5_games/6480824/game_895549908.raw
895549908,6480824,False,319.0,372.0,85,145,30,95,20,0,0,40,3,1,2,2,data/boss5_games/6480824/game_895549908.raw
895549908,6480824,False,319.0,372.0,90,150,54,96,0,0,0,20,3,1,2,2,data/boss5_games/6480824/game_895549908.raw
895549908,6480824,False,319.0,372.0,95,163,59,96,8,0,8,28,3,1,2,2,data/boss5_games/6480824/game_895549908.raw
895549908,6480824,False,319.0,372.0,100,148,52,96,0,0,0,20,3,1,2,2,data/boss5_games/6480824/game_895549908.raw
895549908,6480824,False,319.0,372.0,105,148,44,96,8,0,8,28,3,1,2,2,data/boss5_games/6480824/game_895549908.raw
895549908,6480824,False,319.0,372.0,110,160,64,96,0,0,0,20,3,1,2,2,data/boss5_games/6480824/game_895549908.raw
895549908,6480824,False,319.0,372.0,115,160,64,96,0,0,0,20,3,1,2,2,data/boss5_games/6480824/game_895549908.raw
895549908,6480824,False,319.0,372.0,120,148,32,96,20,0,0,40,3,1,2,2,data/boss5_games/6480824/game_895549908.raw
895549908,6480824,False,319.0,372.0,125,163,44,99,20,0,0,40,3,1,2,2,data/boss5_games/6480824/game_895549908.raw
895549908,6480824,False,319.0,372.0,130,156,64,92,0,0,0,20,3,1,2,2,data/boss5_games/6480824/game_895549908.raw
895549908,6480824,False,319.0,372.0,135,172,16,104,52,0,32,72,3,1,2,2,data/boss5_games/6480824/game_895549908.raw
895549908,6480824,False,319.0,372.0,140,150,20,99,31,0,12,51,3,1,2,2,data/boss5_games/6480824/game_895549908.raw
895549908,6480824,False,319.0,372.0,145,153,54,79,20,0,0,20,3,1,2,2,data/boss5_games/6480824/game_895549908.raw
895549908,6480824,False,319.0,372.0,150,170,32,103,35,0,16,55,3,1,2,2,data/boss5_games/6480824/game_895549908.raw
895549908,6480824,False,319.0,372.0,155,163,60,103,0,0,0,20,3,1,2,2,data/boss5_games/6480824/game_895549908.raw
895549908,6480824,False,319.0,372.0,160,147,8,99,40,0,24,60,3,1,2,2,data/boss5_games/6480824/game_895549908.raw
895549908,6480824,False,319.0,372.0,165,148,49,99,0,0,0,20,3,1,2,2,data/boss5_games/6480824/game_895549908.raw
895549908,6480824,False,319.0,372.0,170,158,12,95,51,0,32,71,3,1,2,2,data/boss5_games/6480824/game_895549908.raw
895549908,6480824,False,319.0,372.0,175,148,31,91,26,0,8,46,3,1,2,2,data/boss5_games/6480824/game_895549908.raw
895549908,6480824,False,319.0,372.0,180,148,0,99,49,0,31,69,3,1,2,2,data/boss5_games/6480824/game_895549908.raw
895549908,6480824,False,319.0,372.0,185,140,49,91,0,0,0,20,3,1,2,2,data/boss5_games/6480824/game_895549908.raw
895549908,6480824,False,319.0,372.0,190,174,59,95,20,0,0,20,3,1,2,2,data/boss5_games/6480824/game_895549908.raw
895549908,6480824,False,319.0,372.0,195,178,57,121,0,0,0,20,3,1,2,2,data/boss5_games/6480824/game_895549908.raw
895549908,6480824,False,319.0,372.0,200,171,50,121,0,0,0,20,3,1,2,2,data/boss5_games/6480824/game_895549908.raw
895549908,6480824,False,319.0,372.0,205,180,63,117,0,0,0,20,3,1,2,2,data/boss5_games/6480824/game_895549908.raw
895549908,6480824,False,319.0,372.0,210,190,32,131,27,0,8,47,3,1,2,2,data/boss5_games/6480824/game_895549908.raw
895549908,6480824,False,319.0,372.0,215,183,24,128,31,0,12,51,3,1,2,2,data/boss5_games/6480824/game_895549908.raw
895549908,6480824,False,319.0,372.0,220,181,52,129,0,0,0,20,3,1,2,2,data/boss5_games/6480824/game_895549908.raw
895549908,6480824,False,319.0,372.0,225,185,64,121,0,0,0,20,3,1,2,2,data/boss5_games/6480824/game_895549908.raw
895549908,6480824,False,319.0,372.0,230,199,64,135,0,0,0,20,3,1,2,2,data/boss5_games/6480824/game_895549908.raw
895549908,6480824,False,319.0,372.0,235,198,60,138,0,0,0,20,3,1,2,2,data/boss5_games/6480824/game_895549908.raw
895549908,6480824,False,319.0,372.0,240,209,52,153,4,0,4,24,3,1,2,2,data/boss5_games/6480824/game_895549908.raw
895549908,6480824,False,319.0,372.0,245,215,56,147,12,0,12,32,3,1,2,2,data/boss5_games/6480824/game_895549908.raw
895549908,6480824,False,319.0,372.0,250,201,60,141,0,0,0,20,3,1,2,2,data/boss5_games/6480824/game_895549908.raw
895549908,6480824,False,319.0,372.0,255,185,60,125,0,0,0,20,3,1,2,2,data/boss5_games/6480824/game_895549908.raw
895549908,6480824,False,319.0,372.0,260,171,52,119,0,0,0,20,3,1,2,2,data/boss5_games/6480824/game_895549908.raw
895549908,6480824,False,319.0,372.0,265,167,52,115,0,0,0,20,3,1,2,2,data/boss5_games/6480824/game_895549908.raw
895549908,6480824,False,319.0,372.0,270,159,64,95,0,0,0,20,3,1,2,2,data/boss5_games/6480824/game_895549908.raw
895549908,6480824,False,319.0,372.0,275,153,60,93,0,0,0,20,3,1,2,2,data/boss5_games/6480824/game_895549908.raw
895549908,6480824,False,319.0,372.0,280,135,56,79,0,0,0,20,3,1,2,2,data/boss5_games/6480824/game_895549908.raw
895549908,6480824,False,319.0,372.0,285,151,60,91,0,0,0,20,3,1,2,2,data/boss5_games/6480824/game_895549908.raw
895549908,6480824,False,319.0,372.0,290,125,46,59,0,20,0,20,3,1,2,2,data/boss5_games/6480824/game_895549908.raw
895549908,6480824,False,319.0,372.0,295,126,43,31,0,52,0,20,3,1,2,2,data/boss5_games/6480824/game_895549908.raw
895549908,6480824,False,319.0,372.0,300,84,0,0,0,84,0,44,3,1,2,2,data/boss5_games/6480824/game_895549908.raw
895549929,6480824,False,244.0,288.0,5,276,100,100,76,0,0,38,3,1,2,2,data/boss5_games/6480824/game_895549929.raw
895549929,6480824,False,244.0,288.0,10,284,122,122,40,0,0,39,3,1,2,2,data/boss5_games/6480824/game_895549929.raw
895549929,6480824,False,244.0,288.0,15,294,108,108,78,0,0,39,3,1,2,2,data/boss5_games/6480824/game_895549929.raw
895549929,6480824,False,244.0,288.0,20,296,109,109,78,0,0,39,3,1,2,2,data/boss5_games/6480824/game_895549929.raw
895549929,6480824,False,244.0,288.0,25,304,132,132,40,0,0,39,3,1,2,2,data/boss5_games/6480824/game_895549929.raw
895549929,6480824,False,244.0,288.0,30,304,113,113,78,0,0,39,3,1,2,2,data/boss5_games/6480824/game_895549929.raw
895549929,6480824,False,244.0,288.0,35,308,40,230,38,0,0,114,3,1,2,2,data/boss5_games/6480824/game_895549929.raw
895549929,6480824,False,244.0,288.0,40,290,0,270,20,0,0,135,3,1,2,2,data/boss5_games/6480824/game_895549929.raw
895549929,6480824,False,244.0,288.0,45,293,139,58,96,0,0,38,3,1,2,2,data/boss5_games/6480824/game_895549929.raw
895549929,6480824,False,244.0,288.0,50,284,12,175,97,0,0,116,3,1,2,2,data/boss5_games/6480824/game_895549929.raw
895549929,6480824,False,244.0,288.0,55,292,0,272,20,0,20,136,3,1,2,2,data/boss5_games/6480824/game_895549929.raw
895549929,6480824,False,244.0,288.0,60,299,145,39,115,0,0,76,3,1,2,2,data/boss5_games/6480824/game_895549929.raw
895549929,6480824,False,244.0,288.0,65,286,34,175,77,0,0,96,3,1,2,2,data/boss5_games/6480824/game_895549929.raw
895549929,6480824,False,244.0,288.0,70,290,34,175,81,0,4,100,3,1,2,2,data/boss5_games/6480824/game_895549929.raw
895549929,6480824,False,244.0,288.0,75,277,64,174,39,0,0,57,3,1,2,2,data/boss5_games/6480824/game_895549929.raw
895549929,6480824,False,244.0,288.0,80,270,19,195,56,0,0,95,3,1,2,2,data/boss5_games/6480824/game_895549929.raw
895549929,6480824,False,244.0,288.0,85,256,4,213,39,0,0,96,3,1,2,2,data/boss5_games/6480824/game_895549929.raw
895549929,6480824,False,244.0,288.0,90,251,0,213,38,0,0,95,3,1,2,2,data/boss5_games/6480824/game_895549929.raw
895549929,6480824,False,244.0,288.0,95,251,0,211,40,0,0,95,3,1,2,2,data/boss5_games/6480824/game_895549929.raw
895549929,6480824,False,244.0,288.0,100,234,4,172,58,0,0,94,3,1,2,2,data/boss5_games/6480824/game_895549929.raw
895549929,6480824,False,244.0,288.0,105,238,0,192,46,0,8,102,3,1,2,2,data/boss5_games/6480824/game_895549929.raw
895549929,6480824,False,244.0,288.0,110,229,35,117,77,0,0,58,3,1,2,2,data/boss5_games/6480824/game_895549929.raw
895549929,6480824,False,244.0,288.0,115,230,0,191,39,0,0,94,3,1,2,2,data/boss5_games/6480824/game_895549929.raw
895549929,6480824,False,244.0,288.0,120,214,0,191,23,0,4,98,3,1,2,2,data/boss5_games/6480824/game_895549929.raw
895549929,6480824,False,244.0,288.0,125,223,4,173,46,0,8,103,3,1,2,2,data/boss5_games/6480824/game_895549929.raw
895549929,6480824,False,244.0,288.0,130,216,0,174,42,0,4,100,3,1,2,2,data/boss5_games/6480824/game_895549929.raw
895549929,6480824,False,244.0,288.0,135,223,0,173,50,0,12,108,3,1,2,2,data/boss5_games/6480824/game_895549929.raw
895549929,6480824,False,244.0,288.0,140,208,4,162,42,0,4,100,3,1,2,2,data/boss5_games/6480824/game_895549929.raw
895549929,6480824,False,244.0,288.0,145,221,0,179,42,0,4,100,3,1,2,2,data/boss5_games/6480824/game_895549929.raw
895549929,6480824,False,244.0,288.0,150,240,0,194,46,0,8,104,3,1,2,2,data/boss5_games/6480824/game_895549929.raw
895549929,6480824,False,244.0,288.0,155,263,4,217,42,0,4,100,3,1,2,2,data/boss5_games/6480824/game_895549929.raw
895549929,6480824,False,244.0,288.0,160,270,8,202,60,0,4,81,3,1,2,2,data/boss5_games/6480824/game_895549929.raw
895549929,6480824,False,244.0,288.0,165,286,46,222,18,0,0,39,3,1,2,2,data/boss5_games/6480824/game_895549929.raw
895549929,6480824,False,244.0,288.0,170,275,0,237,38,0,0,77,3,1,2,2,data/boss5_games/6480824/game_895549929.raw
895549929,6480824,False,244.0,288.0,175,258,4,235,19,0,0,77,3,1,2,2,data/boss5_games/6480824/game_895549929.raw
895549929,6480824,False,244.0,288.0,180,279,4,217,58,0,0,77,3,1,2,2,data/boss5_games/6480824/game_895549929.raw
895549929,6480824,False,244.0,288.0,185,282,38,244,0,0,0,39,3,1,2,2,data/boss5_games/6480824/game_895549929.raw
895549929,6480824,False,244.0,288.0,190,289,0,239,50,0,0,77,3,1,2,2,data/boss5_games/6480824/game_895549929.raw
895549929,6480824,False,244.0,288.0,195,289,0,247,42,0,4,81,3,1,2,2,data/boss5_games/6480824/game_895549929.raw
895549929,6480824,False,244.0,288.0,200,290,0,252,38,0,0,77,3,1,2,2,data/boss5_games/6480824/game_895549929.raw
895549929,6480824,False,244.0,288.0,205,289,0,220,69,0,0,77,3,1,2,2,data/boss5_games/6480824/game_895549929.raw
895549929,6480824,False,244.0,288.0,210,286,0,248,38,0,0,77,3,1,2,2,data/boss5_games/6480824/game_895549929.raw
895549929,6480824,False,244.0,288.0,215,280,0,203,77,0,0,77,3,1,2,2,data/boss5_games/6480824/game_895549929.raw
895549929,6480824,False,244.0,288.0,220,289,0,289,0,0,0,77,3,1,2,2,data/boss5_games/6480824/game_895549929.raw
895549929,6480824,False,244.0,288.0,225,268,0,268,0,0,0,77,3,1,2,2,data/boss5_games/6480824/game_895549929.raw
895549929,6480824,False,244.0,288.0,230,278,19,240,19,0,0,58,3,1,2,2,data/boss5_games/6480824/game_895549929.raw
895549929,6480824,False,244.0,288.0,235,288,0,214,74,0,4,81,3,1,2,2,data/boss5_games/6480824/game_895549929.raw
895549929,6480824,False,244.0,288.0,240,281,0,235,46,0,8,85,3,1,2,2,data/boss5_games/6480824/game_895549929.raw
895549929,6480824,False,244.0,288.0,245,283,12,233,38,0,0,77,3,1,2,2,data/boss5_games/6480824/game_895549929.raw
895549929,6480824,False,244.0,288.0,250,279,0,241,38,0,0,77,3,1,2,2,data/boss5_games/6480824/game_895549929.raw
895549929,6480824,False,244.0,288.0,255,285,0,250,35,0,0,77,3,1,2,2,data/boss5_games/6480824/game_895549929.raw
895549929,6480824,False,244.0,288.0,260,258,0,216,42,0,4,81,3,1,2,2,data/boss5_games/6480824/game_895549929.raw
895549929,6480824,False,244.0,288.0,265,244,0,206,38,0,0,77,3,1,2,2,data/boss5_games/6480824/game_895549929.raw
895549929,6480824,False,244.0,288.0,270,242,0,188,54,0,4,81,3,1,2,2,data/boss5_games/6480824/game_895549929.raw
895549929,6480824,False,244.0,288.0,275,226,0,222,4,0,4,81,3,1,2,2,data/boss5_games/6480824/game_895549929.raw
895549929,6480824,False,244.0,288.0,280,214,8,168,38,0,0,77,3,1,2,2,data/boss5_games/6480824/game_895549929.raw
895549929,6480824,False,244.0,288.0,285,214,0,157,0,57,0,77,3,1,2,2,data/boss5_games/6480824/game_895549929.raw
895549929,6480824,False,244.0,288.0,290,182,0,47,0,135,0,77,3,1,2,2,data/boss5_games/6480824/game_895549929.raw
895549929,6480824,False,244.0,288.0,295,186,0,0,4,182,4,81,3,1,2,2,data/boss5_games/6480824/game_895549929.raw
895549929,6480824,False,244.0,288.0,300,190,0,0,0,190,0,77,3,1,2,2,data/boss5_games/6480824/game_895549929.raw
895549876,6480914,False,254.0,367.0,5,366,183,183,0,0,0,0,3,1,2,2,data/boss5_games/6480914/game_895549876.raw
895549876,6480914,False,254.0,367.0,10,371,48,193,130,0,0,138,3,1,2,2,data/boss5_games/6480914/game_895549876.raw
895549876,6480914,False,254.0,367.0,15,375,95,186,94,0,0,78,3,1,2,2,data/boss5_games/6480914/game_895549876.raw
895549876,6480914,False,254.0,367.0,20,386,48,228,110,0,0,157,3,1,2,2,data/boss5_games/6480914/game_895549876.raw
895549876,6480914,False,254.0,367.0,25,413,57,210,146,0,0,138,3,1,2,2,data/boss5_games/6480914/game_895549876.raw
895549876,6480914,False,254.0,367.0,30,406,28,265,113,0,0,137,3,1,2,2,data/boss5_games/6480914/game_895549876.raw
895549876,6480914,False,254.0,367.0,35,416,149,227,40,0,0,40,3,1,2,2,data/boss5_games/6480914/game_895549876.raw
895549876,6480914,False,254.0,367.0,40,406,82,270,54,0,0,78,3,1,2,2,data/boss5_games/6480914/game_895549876.raw
895549876,6480914,False,254.0,367.0,45,408,82,288,38,0,0,78,3,1,2,2,data/boss5_games/6480914/game_895549876.raw
895549876,6480914,False,254.0,367.0,50,390,64,232,94,0,0,78,3,1,2,2,data/boss5_games/6480914/game_895549876.raw
895549876,6480914,False,254.0,367.0,55,388,60,250,78,0,0,78,3,1,2,2,data/boss5_games/6480914/game_895549876.raw
895549876,6480914,False,254.0,367.0,60,375,0,335,40,0,0,118,3,1,2,2,data/boss5_games/6480914/game_895549876.raw
895549876,6480914,False,254.0,367.0,65,372,8,246,118,0,0,118,3,1,2,2,data/boss5_games/6480914/game_895549876.raw
895549876,6480914,False,254.0,367.0,70,376,0,294,82,0,0,118,3,1,2,2,data/boss5_games/6480914/game_895549876.raw
895549876,6480914,False,254.0,367.0,75,360,0,285,75,0,0,118,3,1,2,2,data/boss5_games/6480914/game_895549876.raw
895549876,6480914,False,254.0,367.0,80,361,4,239,118,0,0,118,3,1,2,2,data/boss5_games/6480914/game_895549876.raw
895549876,6480914,False,254.0,367.0,85,359,32,269,58,0,0,98,3,1,2,2,data/boss5_games/6480914/game_895549876.raw
895549876,6480914,False,254.0,367.0,90,355,40,277,38,0,0,78,3,1,2,2,data/boss5_games/6480914/game_895549876.raw
895549876,6480914,False,254.0,367.0,95,367,4,256,107,0,0,118,3,1,2,2,data/boss5_games/6480914/game_895549876.raw
895549876,6480914,False,254.0,367.0,100,351,67,225,59,0,0,59,3,1,2,2,data/boss5_games/6480914/game_895549876.raw
895549876,6480914,False,254.0,367.0,105,348,36,246,66,0,0,98,3,1,2,2,data/boss5_games/6480914/game_895549876.raw
895549876,6480914,False,254.0,367.0,110,349,4,235,110,0,0,118,3,1,2,2,data/boss5_games/6480914/game_895549876.raw
895549876,6480914,False,254.0,367.0,115,337,0,211,126,0,8,126,3,1,2,2,data/boss5_games/6480914/game_895549876.raw
895549876,6480914,False,254.0,367.0,120,327,12,237,78,0,0,118,3,1,2,2,data/boss5_games/6480914/game_895549876.raw
895549876,6480914,False,254.0,367.0,125,338,38,242,58,0,0,98,3,1,2,2,data/boss5_games/6480914/game_895549876.raw
895549876,6480914,False,254.0,367.0,130,333,22,311,0,0,0,118,3,1,2,2,data/boss5_games/6480914/game_895549876.raw
895549876,6480914,False,254.0,367.0,135,327,71,218,38,0,0,78,3,1,2,2,data/boss5_games/6480914/game_895549876.raw
895549876,6480914,False,254.0,367.0,140,333,31,224,78,0,0,118,3,1,2,2,data/boss5_games/6480914/game_895549876.raw
895549876,6480914,False,254.0,367.0,145,330,60,232,38,0,0,78,3,1,2,2,data/boss5_games/6480914/game_895549876.raw
895549876,6480914,False,254.0,367.0,150,333,16,203,114,0,0,118,3,1,2,2,data/boss5_games/6480914/game_895549876.raw
895549876,6480914,False,254.0,367.0,155,308,59,190,59,0,0,59,3,1,2,2,data/boss5_games/6480914/game_895549876.raw
895549876,6480914,False,254.0,367.0,160,310,0,270,40,0,0,118,3,1,2,2,data/boss5_games/6480914/game_895549876.raw
895549876,6480914,False,254.0,367.0,165,291,4,247,40,0,0,118,3,1,2,2,data/boss5_games/6480914/game_895549876.raw
895549876,6480914,False,254.0,367.0,170,294,0,294,0,0,0,118,3,1,2,2,data/boss5_games/6480914/game_895549876.raw
895549876,6480914,False,254.0,367.0,175,307,0,279,28,0,0,118,3,1,2,2,data/boss5_games/6480914/game_895549876.raw
895549876,6480914,False,254.0,367.0,180,300,0,260,40,0,0,118,3,1,2,2,data/boss5_games/6480914/game_895549876.raw
895549876,6480914,False,254.0,367.0,185,299,8,212,79,0,0,118,3,1,2,2,data/boss5_games/6480914/game_895549876.raw
895549876,6480914,False,254.0,367.0,190,299,0,283,16,0,0,118,3,1,2,2,data/boss5_games/6480914/game_895549876.raw
895549876,6480914,False,254.0,367.0,195,296,0,296,0,0,0,118,3,1,2,2,data/boss5_games/6480914/game_895549876.raw
895549876,6480914,False,254.0,367.0,200,287,4,185,98,0,0,118,3,1,2,2,data/boss5_games/6480914/game_895549876.raw
895549876,6480914,False,254.0,367.0,205,290,0,290,0,0,0,118,3,1,2,2,data/boss5_games/6480914/game_895549876.raw
895549876,6480914,False,254.0,367.0,210,276,20,197,59,0,0,79,3,1,2,2,data/boss5_games/6480914/game_895549876.raw
895549876,6480914,False,254.0,367.0,215,276,4,212,60,0,0,99,3,1,2,2,data/boss5_games/6480914/game_895549876.raw
895549876,6480914,False,254.0,367.0,220,276,40,177,59,0,0,59,3,1,2,2,data/boss5_games/6480914/game_895549876.raw
895549876,6480914,False,254.0,367.0,225,268,0,209,59,0,0,99,3,1,2,2,data/boss5_games/6480914/game_895549876.raw
895549876,6480914,False,254.0,367.0,230,268,4,264,0,0,0,99,3,1,2,2,data/boss5_games/6480914/game_895549876.raw
895549876,6480914,False,254.0,367.0,235,280,8,232,40,0,0,99,3,1,2,2,data/boss5_games/6480914/game_895549876.raw
895549876,6480914,False,254.0,367.0,240,261,40,205,16,0,0,40,3,1,2,2,data/boss5_games/6480914/game_895549876.raw
895549876,6480914,False,254.0,367.0,245,265,44,181,40,0,0,40,3,1,2,2,data/boss5_games/6480914/game_895549876.raw
895549876,6480914,False,254.0,367.0,250,237,8,169,60,0,0,60,3,1,2,2,data/boss5_games/6480914/game_895549876.raw
895549876,6480914,False,254.0,367.0,255,249,32,217,0,0,0,40,3,1,2,2,data/boss5_games/6480914/game_895549876.raw
895549876,6480914,False,254.0,367.0,260,225,0,205,20,0,0,60,3,1,2,2,data/boss5_games/6480914/game_895549876.raw
895549876,6480914,False,254.0,367.0,265,221,0,221,0,0,0,60,3,1,2,2,data/boss5_games/6480914/game_895549876.raw
895549876,6480914,False,254.0,367.0,270,221,60,161,0,0,0,0,3,1,2,2,data/boss5_games/6480914/game_895549876.raw
895549876,6480914,False,254.0,367.0,275,217,0,217,0,0,0,60,3,1,2,2,data/boss5_games/6480914/game_895549876.raw
895549876,6480914,False,254.0,367.0,280,201,0,181,20,0,0,60,3,1,2,2,data/boss5_games/6480914/game_895549876.raw
895549876,6480914,False,254.0,367.0,285,204,0,144,0,60,0,60,3,1,2,2,data/boss5_games/6480914/game_895549876.raw
895549876,6480914,False,254.0,367.0,290,192,0,92,0,100,0,60,3,1,2,2,data/boss5_games/6480914/game_895549876.raw
895549876,6480914,False,254.0,367.0,295,191,0,91,0,100,0,60,3,1,2,2,data/boss5_games/6480914/game_895549876.raw
895549876,6480914,False,254.0,367.0,300,198,0,0,0,198,0,60,3,1,2,2,data/boss5_games/6480914/game_895549876.raw
895549889,6480914,True,202.0,196.0,5,356,158,108,90,0,0,20,3,1,2,2,data/boss5_games/6480914/game_895549889.raw
895549889,6480914,True,202.0,196.0,10,361,168,173,20,0,0,0,3,1,2,2,data/boss5_games/6480914/game_895549889.raw
895549889,6480914,True,202.0,196.0,15,399,167,200,32,0,0,20,3,1,2,2,data/boss5_games/6480914/game_895549889.raw
895549889,6480914,True,202.0,196.0,20,386,149,205,32,0,0,20,3,1,2,2,data/boss5_games/6480914/game_895549889.raw
895549889,6480914,True,202.0,196.0,25,429,227,134,68,0,0,0,3,1,2,2,data/boss5_games/6480914/game_895549889.raw
895549889,6480914,True,202.0,196.0,30,458,205,216,37,0,0,20,3,1,2,2,data/boss5_games/6480914/game_895549889.raw
895549889,6480914,True,202.0,196.0,35,480,197,228,55,0,0,20,3,1,2,2,data/boss5_games/6480914/game_895549889.raw
895549889,6480914,True,202.0,196.0,40,475,210,173,92,0,0,0,3,1,2,2,data/boss5_games/6480914/game_895549889.raw
895549889,6480914,True,202.0,196.0,45,471,202,250,19,0,0,0,3,1,2,2,data/boss5_games/6480914/game_895549889.raw
895549889,6480914,True,202.0,196.0,50,455,166,269,20,0,0,20,3,1,2,2,data/boss5_games/6480914/game_895549889.raw
895549889,6480914,True,202.0,196.0,55,460,191,249,20,0,0,0,3,1,2,2,data/boss5_games/6480914/game_895549889.raw
895549889,6480914,True,202.0,196.0,60,446,178,229,39,0,0,0,3,1,2,2,data/boss5_games/6480914/game_895549889.raw
895549889,6480914,True,202.0,196.0,65,452,163,250,39,0,0,20,3,1,2,2,data/boss5_games/6480914/game_895549889.raw
895549889,6480914,True,202.0,196.0,70,447,159,230,58,0,0,20,3,1,2,2,data/boss5_games/6480914/game_895549889.raw
895549889,6480914,True,202.0,196.0,75,432,163,230,39,0,0,0,3,1,2,2,data/boss5_games/6480914/game_895549889.raw
895549889,6480914,True,202.0,196.0,80,412,123,250,39,0,0,20,3,1,2,2,data/boss5_games/6480914/game_895549889.raw
895549889,6480914,True,202.0,196.0,85,417,127,231,59,0,0,20,3,1,2,2,data/boss5_games/6480914/game_895549889.raw
895549889,6480914,True,202.0,196.0,90,422,151,252,19,0,0,0,3,1,2,2,data/boss5_games/6480914/game_895549889.raw
895549889,6480914,True,202.0,196.0,95,406,115,252,39,0,0,20,3,1,2,2,data/boss5_games/6480914/game_895549889.raw
895549889,6480914,True,202.0,196.0,100,406,38,291,77,0,0,97,3,1,2,2,data/boss5_games/6480914/game_895549889.raw
895549889,6480914,True,202.0,196.0,105,391,0,315,76,0,0,116,3,1,2,2,data/boss5_games/6480914/game_895549889.raw
895549889,6480914,True,202.0,196.0,110,399,96,283,20,0,0,20,3,1,2,2,data/boss5_games/6480914/game_895549889.raw
895549889,6480914,True,202.0,196.0,115,388,0,350,38,0,0,97,3,1,2,2,data/boss5_games/6480914/game_895549889.raw
895549889,6480914,True,202.0,196.0,120,381,38,304,39,0,0,59,3,1,2,2,data/boss5_games/6480914/game_895549889.raw
895549889,6480914,True,202.0,196.0,125,389,0,292,97,0,0,97,3,1,2,2,data/boss5_games/6480914/game_895549889.raw
895549889,6480914,True,202.0,196.0,130,373,0,354,19,0,0,97,3,1,2,2,data/boss5_games/6480914/game_895549889.raw
895549889,6480914,True,202.0,196.0,135,342,57,245,40,0,0,40,3,1,2,2,data/boss5_games/6480914/game_895549889.raw
895549889,6480914,True,202.0,196.0,140,346,57,249,40,0,0,40,3,1,2,2,data/boss5_games/6480914/game_895549889.raw
895549889,6480914,True,202.0,196.0,145,348,19,271,58,0,0,78,3,1,2,2,data/boss5_games/6480914/game_895549889.raw
895549889,6480914,True,202.0,196.0,150,292,0,254,38,0,0,78,3,1,2,2,data/boss5_games/6480914/game_895549889.raw
895549889,6480914,True,202.0,196.0,155,292,19,234,39,0,0,59,3,1,2,2,data/boss5_games/6480914/game_895549889.raw
895549889,6480914,True,202.0,196.0,160,292,19,234,39,0,0,59,3,1,2,2,data/boss5_games/6480914/game_895549889.raw
895549889,6480914,True,202.0,196.0,165,273,0,273,0,0,0,59,3,1,2,2,data/boss5_games/6480914/game_895549889.raw
895549889,6480914,True,202.0,196.0,170,253,0,234,19,0,0,59,3,1,2,2,data/boss5_games/6480914/game_895549889.raw
895549889,6480914,True,202.0,196.0,175,253,0,214,39,0,0,59,3,1,2,2,data/boss5_games/6480914/game_895549889.raw
895549889,6480914,True,202.0,196.0,180,214,0,175,39,0,0,59,3,1,2,2,data/boss5_games/6480914/game_895549889.raw
895549889,6480914,True,202.0,196.0,185,214,0,155,59,0,0,59,3,1,2,2,data/boss5_games/6480914/game_895549889.raw
895549889,6480914,True,202.0,196.0,190,194,59,115,20,0,0,0,3,1,2,2,data/boss5_games/6480914/game_895549889.raw
895549889,6480914,True,202.0,196.0,195,174,0,174,0,0,0,59,3,1,2,2,data/boss5_games/6480914/game_895549889.raw
895549889,6480914,True,202.0,196.0,200,174,0,174,0,0,0,59,3,1,2,2,data/boss5_games/6480914/game_895549889.raw
895549889,6480914,True,202.0,196.0,205,181,0,135,46,0,0,59,3,1,2,2,data/boss5_games/6480914/game_895549889.raw
895549889,6480914,True,202.0,196.0,210,174,0,174,0,0,0,59,3,1,2,2,data/boss5_games/6480914/game_895549889.raw
895549889,6480914,True,202.0,196.0,215,174,0,174,0,0,0,59,3,1,2,2,data/boss5_games/6480914/game_895549889.raw
895549889,6480914,True,202.0,196.0,220,153,19,94,40,0,0,20,3,1,2,2,data/boss5_games/6480914/game_895549889.raw
895549889,6480914,True,202.0,196.0,225,154,39,115,0,0,0,0,3,1,2,2,data/boss5_games/6480914/game_895549889.raw
895549889,6480914,True,202.0,196.0,230,135,0,135,0,0,0,20,3,1,2,2,data/boss5_games/6480914/game_895549889.raw
895549889,6480914,True,202.0,196.0,235,133,0,133,0,0,0,20,3,1,2,2,data/boss5_games/6480914/game_895549889.raw
895549889,6480914,True,202.0,196.0,240,133,0,113,20,0,0,20,3,1,2,2,data/boss5_games/6480914/game_895549889.raw
895549889,6480914,True,202.0,196.0,245,134,0,134,0,0,0,20,3,1,2,2,data/boss5_games/6480914/game_895549889.raw
895549889,6480914,True,202.0,196.0,250,133,0,133,0,0,0,20,3,1,2,2,data/boss5_games/6480914/game_895549889.raw
895549889,6480914,True,202.0,196.0,255,114,0,94,20,0,0,20,3,1,2,2,data/boss5_games/6480914/game_895549889.raw
895549889,6480914,True,202.0,196.0,260,115,0,115,0,0,0,20,3,1,2,2,data/boss5_games/6480914/game_895549889.raw
895549889,6480914,True,202.0,196.0,265,116,0,116,0,0,0,20,3,1,2,2,data/boss5_games/6480914/game_895549889.raw
895549889,6480914,True,202.0,196.0,270,97,0,77,20,0,0,20,3,1,2,2,data/boss5_games/6480914/game_895549889.raw
895549889,6480914,True,202.0,196.0,275,97,0,97,0,0,0,20,3,1,2,2,data/boss5_games/6480914/game_895549889.raw
895549889,6480914,True,202.0,196.0,280,95,0,95,0,0,0,20,3,1,2,2,data/boss5_games/6480914/game_895549889.raw
895549889,6480914,True,202.0,196.0,285,78,0,78,0,0,0,20,3,1,2,2,data/boss5_games/6480914/game_895549889.raw
895549889,6480914,True,202.0,196.0,290,78,0,59,0,19,0,20,3,1,2,2,data/boss5_games/6480914/game_895549889.raw
895549889,6480914,True,202.0,196.0,295,76,0,0,0,76,0,20,3,1,2,2,data/boss5_games/6480914/game_895549889.raw
895549889,6480914,True,202.0,196.0,300,78,0,0,0,78,0,20,3,1,2,2,data/boss5_games/6480914/game_895549889.raw
895549831,6480966,False,265.0,355.0,5,290,143,147,0,0,0,0,3,1,2,2,data/boss5_games/6480966/game_895549831.raw
895549831,6480966,False,265.0,355.0,10,320,156,164,0,0,0,0,3,1,2,2,data/boss5_games/6480966/game_895549831.raw
895549831,6480966,False,265.0,355.0,15,333,107,172,54,0,0,54,3,1,2,2,data/boss5_games/6480966/game_895549831.raw
895549831,6480966,False,265.0,355.0,20,357,111,173,73,0,0,56,3,1,2,2,data/boss5_games/6480966/game_895549831.raw
895549831,6480966,False,265.0,355.0,25,358,95,187,76,0,0,56,3,1,2,2,data/boss5_games/6480966/game_895549831.raw
895549831,6480966,False,265.0,355.0,30,383,116,183,84,0,0,56,3,1,2,2,data/boss5_games/6480966/game_895549831.raw
895549831,6480966,False,265.0,355.0,35,390,110,198,82,0,0,38,3,1,2,2,data/boss5_games/6480966/game_895549831.raw
895549831,6480966,False,265.0,355.0,40,413,118,236,59,0,0,39,3,1,2,2,data/boss5_games/6480966/game_895549831.raw
895549831,6480966,False,265.0,355.0,45,406,107,240,59,0,0,39,3,1,2,2,data/boss5_games/6480966/game_895549831.raw
895549831,6480966,False,265.0,355.0,50,426,117,242,67,0,0,39,3,1,2,2,data/boss5_games/6480966/game_895549831.raw
895549831,6480966,False,265.0,355.0,55,416,102,243,71,0,0,39,3,1,2,2,data/boss5_games/6480966/game_895549831.raw
895549831,6480966,False,265.0,355.0,60,434,117,262,55,0,0,39,3,1,2,2,data/boss5_games/6480966/game_895549831.raw
895549831,6480966,False,265.0,355.0,65,430,110,285,35,0,0,39,3,1,2,2,data/boss5_games/6480966/game_895549831.raw
895549831,6480966,False,265.0,355.0,70,424,104,301,19,0,0,39,3,1,2,2,data/boss5_games/6480966/game_895549831.raw
895549831,6480966,False,265.0,355.0,75,413,88,306,19,0,0,39,3,1,2,2,data/boss5_games/6480966/game_895549831.raw
895549831,6480966,False,265.0,355.0,80,428,139,289,0,0,0,0,3,1,2,2,data/boss5_games/6480966/game_895549831.raw
895549831,6480966,False,265.0,355.0,85,421,111,290,20,0,0,20,3,1,2,2,data/boss5_games/6480966/game_895549831.raw
895549831,6480966,False,265.0,355.0,90,407,84,284,39,0,0,39,3,1,2,2,data/boss5_games/6480966/game_895549831.raw
895549831,6480966,False,265.0,355.0,95,422,111,291,20,0,0,20,3,1,2,2,data/boss5_games/6480966/game_895549831.raw
895549831,6480966,False,265.0,355.0,100,427,84,323,20,0,0,40,3,1,2,2,data/boss5_games/6480966/game_895549831.raw
895549831,6480966,False,265.0,355.0,105,453,116,337,0,0,0,20,3,1,2,2,data/boss5_games/6480966/game_895549831.raw
895549831,6480966,False,265.0,355.0,110,468,114,354,0,0,0,20,3,1,2,2,data/boss5_games/6480966/game_895549831.raw
895549831,6480966,False,265.0,355.0,115,485,86,367,32,0,0,40,3,1,2,2,data/boss5_games/6480966/game_895549831.raw
895549831,6480966,False,265.0,355.0,120,507,107,400,0,0,0,20,3,1,2,2,data/boss5_games/6480966/game_895549831.raw
895549831,6480966,False,265.0,355.0,125,509,96,413,0,0,0,20,3,1,2,2,data/boss5_games/6480966/game_895549831.raw
895549831,6480966,False,265.0,355.0,130,543,104,435,4,0,0,20,3,1,2,2,data/boss5_games/6480966/game_895549831.raw
895549831,6480966,False,265.0,355.0,135,555,92,455,8,0,0,20,3,1,2,2,data/boss5_games/6480966/game_895549831.raw
895549831,6480966,False,265.0,355.0,140,591,100,447,44,0,0,20,3,1,2,2,data/boss5_games/6480966/game_895549831.raw
895549831,6480966,False,265.0,355.0,145,608,100,454,54,0,0,20,3,1,2,2,data/boss5_games/6480966/game_895549831.raw
895549831,6480966,False,265.0,355.0,150,612,88,449,75,0,0,20,3,1,2,2,data/boss5_games/6480966/game_895549831.raw
895549831,6480966,False,265.0,355.0,155,612,84,488,40,0,0,20,3,1,2,2,data/boss5_games/6480966/game_895549831.raw
895549831,6480966,False,265.0,355.0,160,615,84,531,0,0,0,20,3,1,2,2,data/boss5_games/6480966/game_895549831.raw
895549831,6480966,False,265.0,355.0,165,624,92,492,40,0,0,20,3,1,2,2,data/boss5_games/6480966/game_895549831.raw
895549831,6480966,False,265.0,355.0,170,612,80,492,40,0,0,20,3,1,2,2,data/boss5_games/6480966/game_895549831.raw
895549831,6480966,False,265.0,355.0,175,612,80,492,40,0,0,20,3,1,2,2,data/boss5_games/6480966/game_895549831.raw
895549831,6480966,False,265.0,355.0,180,580,68,472,40,0,0,20,3,1,2,2,data/boss5_games/6480966/game_895549831.raw
895549831,6480966,False,265.0,355.0,185,556,64,452,40,0,0,20,3,1,2,2,data/boss5_games/6480966/game_895549831.raw
895549831,6480966,False,265.0,355.0,190,541,64,437,40,0,0,20,3,1,2,2,data/boss5_games/6480966/game_895549831.raw
895549831,6480966,False,265.0,355.0,195,522,60,442,20,0,0,20,3,1,2,2,data/boss5_games/6480966/game_895549831.raw
895549831,6480966,False,265.0,355.0,200,495,60,415,20,0,0,20,3,1,2,2,data/boss5_games/6480966/game_895549831.raw
895549831,6480966,False,265.0,355.0,205,459,44,415,0,0,0,20,3,1,2,2,data/boss5_games/6480966/game_895549831.raw
895549831,6480966,False,265.0,355.0,210,419,48,351,20,0,0,20,3,1,2,2,data/boss5_games/6480966/game_895549831.raw
895549831,6480966,False,265.0,355.0,215,383,36,327,20,0,0,20,3,1,2,2,data/boss5_games/6480966/game_895549831.raw
895549831,6480966,False,265.0,355.0,220,367,36,311,20,0,0,20,3,1,2,2,data/boss5_games/6480966/game_895549831.raw
895549831,6480966,False,265.0,355.0,225,315,20,295,0,0,0,20,3,1,2,2,data/boss5_games/6480966/game_895549831.raw
895549831,6480966,False,265.0,355.0,230,295,20,275,0,0,0,20,3,1,2,2,data/boss5_games/6480966/game_895549831.raw
895549831,6480966,False,265.0,355.0,235,255,0,235,20,0,0,20,3,1,2,2,data/boss5_games/6480966/game_895549831.raw
895549831,6480966,False,265.0,355.0,240,240,4,236,0,0,0,20,3,1,2,2,data/boss5_games/6480966/game_895549831.raw
895549831,6480966,False,265.0,355.0,245,244,0,217,27,0,8,28,3,1,2,2,data/boss5_games/6480966/game_895549831.raw
895549831,6480966,False,265.0,355.0,250,194,12,182,0,0,0,20,3,1,2,2,data/boss5_games/6480966/game_895549831.raw
895549831,6480966,False,265.0,355.0,255,186,0,186,0,0,0,20,3,1,2,2,data/boss5_games/6480966/game_895549831.raw
895549831,6480966,False,265.0,355.0,260,138,4,114,20,0,0,20,3,1,2,2,data/boss5_games/6480966/game_895549831.raw
895549831,6480966,False,265.0,355.0,265,130,0,130,0,0,0,20,3,1,2,2,data/boss5_games/6480966/game_895549831.raw
895549831,6480966,False,265.0,355.0,270,95,0,95,0,0,0,20,3,1,2,2,data/boss5_games/6480966/game_895549831.raw
895549831,6480966,False,265.0,355.0,275,87,0,67,20,0,0,20,3,1,2,2,data/boss5_games/6480966/game_895549831.raw
895549831,6480966,False,265.0,355.0,280,64,20,44,0,0,0,0,3,1,2,2,data/boss5_games/6480966/game_895549831.raw
895549831,6480966,False,265.0,355.0,285,68,20,48,0,0,0,0,3,1,2,2,data/boss5_games/6480966/game_895549831.raw
895549831,6480966,False,265.0,355.0,290,68,20,36,12,0,12,12,3,1,2,2,data/boss5_games/6480966/game_895549831.raw
895549831,6480966,False,265.0,355.0,295,64,4,24,4,32,4,16,3,1,2,2,data/boss5_games/6480966/game_895549831.raw
895549831,6480966,False,265.0,355.0,300,84,0,0,0,84,0,24,3,1,2,2,data/boss5_games/6480966/game_895549831.raw
895549851,6480966,False,322.0,403.0,5,304,56,202,46,0,0,94,3,1,2,2,data/boss5_games/6480966/game_895549851.raw
895549851,6480966,False,322.0,403.0,10,329,138,147,44,0,0,20,3,1,2,2,data/boss5_games/6480966/game_895549851.raw
895549851,6480966,False,322.0,403.0,15,358,151,165,42,0,0,18,3,1,2,2,data/boss5_games/6480966/game_895549851.raw
895549851,6480966,False,322.0,403.0,20,360,60,177,123,0,0,94,3,1,2,2,data/boss5_games/6480966/game_895549851.raw
895549851,6480966,False,322.0,403.0,25,394,165,158,71,0,0,19,3,1,2,2,data/boss5_games/6480966/game_895549851.raw
895549851,6480966,False,322.0,403.0,30,403,98,200,105,0,0,57,3,1,2,2,data/boss5_games/6480966/game_895549851.raw
895549851,6480966,False,322.0,403.0,35,417,119,185,113,0,0,37,3,1,2,2,data/boss5_games/6480966/game_895549851.raw
895549851,6480966,False,322.0,403.0,40,435,86,208,141,0,0,77,3,1,2,2,data/boss5_games/6480966/game_895549851.raw
895549851,6480966,False,322.0,403.0,45,443,130,210,103,0,0,39,3,1,2,2,data/boss5_games/6480966/game_895549851.raw
895549851,6480966,False,322.0,403.0,50,437,162,227,48,0,0,0,3,1,2,2,data/boss5_games/6480966/game_895549851.raw
895549851,6480966,False,322.0,403.0,55,444,108,230,106,0,0,58,3,1,2,2,data/boss5_games/6480966/game_895549851.raw
895549851,6480966,False,322.0,403.0,60,429,91,264,74,0,0,58,3,1,2,2,data/boss5_games/6480966/game_895549851.raw
895549851,6480966,False,322.0,403.0,65,430,130,249,51,0,0,19,3,1,2,2,data/boss5_games/6480966/game_895549851.raw
895549851,6480966,False,322.0,403.0,70,442,142,249,51,0,0,19,3,1,2,2,data/boss5_games/6480966/game_895549851.raw
895549851,6480966,False,322.0,403.0,75,447,87,250,110,0,0,78,3,1,2,2,data/boss5_games/6480966/game_895549851.raw
895549851,6480966,False,322.0,403.0,80,452,51,285,116,0,18,116,3,1,2,2,data/boss5_games/6480966/game_895549851.raw
895549851,6480966,False,322.0,403.0,85,456,82,288,86,0,27,86,3,1,2,2,data/boss5_games/6480966/game_895549851.raw
895549851,6480966,False,322.0,403.0,90,461,121,282,58,0,19,58,3,1,2,2,data/boss5_games/6480966/game_895549851.raw
895549851,6480966,False,322.0,403.0,95,461,118,285,58,0,0,58,3,1,2,2,data/boss5_games/6480966/game_895549851.raw
895549851,6480966,False,322.0,403.0,100,478,106,293,79,0,20,79,3,1,2,2,data/boss5_games/6480966/game_895549851.raw
895549851,6480966,False,322.0,403.0,105,496,110,293,93,0,38,77,3,1,2,2,data/boss5_games/6480966/game_895549851.raw
895549851,6480966,False,322.0,403.0,110,511,142,302,67,0,39,39,3,1,2,2,data/boss5_games/6480966/game_895549851.raw
895549851,6480966,False,322.0,403.0,115,514,99,320,95,0,40,79,3,1,2,2,data/boss5_games/6480966/game_895549851.raw
895549851,6480966,False,322.0,403.0,120,524,56,350,118,0,40,118,3,1,2,2,data/boss5_games/6480966/game_895549851.raw
895549851,6480966,False,322.0,403.0,125,541,130,352,59,0,0,51,3,1,2,2,data/boss5_games/6480966/game_895549851.raw
895549851,6480966,False,322.0,403.0,130,564,83,362,119,0,40,107,3,1,2,2,data/boss5_games/6480966/game_895549851.raw
895549851,6480966,False,322.0,403.0,135,571,84,373,114,0,40,114,3,1,2,2,data/boss5_games/6480966/game_895549851.raw
895549851,6480966,False,322.0,403.0,140,570,68,386,116,0,40,116,3,1,2,2,data/boss5_games/6480966/game_895549851.raw
895549851,6480966,False,322.0,403.0,145,556,123,394,39,0,0,58,3,1,2,2,data/boss5_games/6480966/game_895549851.raw
895549851,6480966,False,322.0,403.0,150,571,92,381,98,0,20,98,3,1,2,2,data/boss5_games/6480966/game_895549851.raw
895549851,6480966,False,322.0,403.0,155,539,130,349,60,0,40,60,3,1,2,2,data/boss5_games/6480966/game_895549851.raw
895549851,6480966,False,322.0,403.0,160,503,108,277,118,0,0,78,3,1,2,2,data/boss5_games/6480966/game_895549851.raw
895549851,6480966,False,322.0,403.0,165,475,56,301,118,0,20,118,3,1,2,2,data/boss5_games/6480966/game_895549851.raw
895549851,6480966,False,322.0,403.0,170,415,103,254,58,0,0,58,3,1,2,2,data/boss5_games/6480966/game_895549851.raw
895549851,6480966,False,322.0,403.0,175,420,88,274,58,0,20,78,3,1,2,2,data/boss5_games/6480966/game_895549851.raw
895549851,6480966,False,322.0,403.0,180,387,132,215,40,0,20,40,3,1,2,2,data/boss5_games/6480966/game_895549851.raw
895549851,6480966,False,322.0,403.0,185,343,37,195,111,0,24,111,3,1,2,2,data/boss5_games/6480966/game_895549851.raw
895549851,6480966,False,322.0,403.0,190,316,120,176,20,0,0,20,3,1,2,2,data/boss5_games/6480966/game_895549851.raw
895549851,6480966,False,322.0,403.0,195,301,102,156,43,0,4,43,3,1,2,2,data/boss5_games/6480966/game_895549851.raw
895549851,6480966,False,322.0,403.0,200,280,104,137,39,0,0,39,3,1,2,2,data/boss5_games/6480966/game_895549851.raw
895549851,6480966,False,322.0,403.0,205,258,83,137,38,0,0,38,3,1,2,2,data/boss5_games/6480966/game_895549851.raw
895549851,6480966,False,322.0,403.0,210,215,59,117,39,0,0,39,3,1,2,2,data/boss5_games/6480966/game_895549851.raw
895549851,6480966,False,322.0,403.0,215,215,0,117,98,0,0,98,3,1,2,2,data/boss5_games/6480966/game_895549851.raw
895549851,6480966,False,322.0,403.0,220,173,0,173,0,0,0,76,3,1,2,2,data/boss5_games/6480966/game_895549851.raw
895549851,6480966,False,322.0,403.0,225,167,23,101,43,0,0,43,3,1,2,2,data/boss5_games/6480966/game_895549851.raw
895549851,6480966,False,322.0,403.0,230,171,12,136,23,0,0,58,3,1,2,2,data/boss5_games/6480966/game_895549851.raw
895549851,6480966,False,322.0,403.0,235,136,4,116,16,0,16,74,3,1,2,2,data/boss5_games/6480966/game_895549851.raw
895549851,6480966,False,322.0,403.0,240,124,0,78,46,0,8,66,3,1,2,2,data/boss5_games/6480966/game_895549851.raw
895549851,6480966,False,322.0,403.0,245,120,0,116,4,0,4,62,3,1,2,2,data/boss5_games/6480966/game_895549851.raw
895549851,6480966,False,322.0,403.0,250,124,8,116,0,0,0,58,3,1,2,2,data/boss5_games/6480966/game_895549851.raw
895549851,6480966,False,322.0,403.0,255,101,4,58,39,0,0,39,3,1,2,2,data/boss5_games/6480966/game_895549851.raw
895549851,6480966,False,322.0,403.0,260,78,20,58,0,0,0,0,3,1,2,2,data/boss5_games/6480966/game_895549851.raw
895549851,6480966,False,322.0,403.0,265,82,20,62,0,0,0,0,3,1,2,2,data/boss5_games/6480966/game_895549851.raw
895549851,6480966,False,322.0,403.0,270,63,0,43,20,0,0,20,3,1,2,2,data/boss5_games/6480966/game_895549851.raw
895549851,6480966,False,322.0,403.0,275,67,20,47,0,0,0,0,3,1,2,2,data/boss5_games/6480966/game_895549851.raw
895549851,6480966,False,322.0,403.0,280,44,20,24,0,0,0,0,3,1,2,2,data/boss5_games/6480966/game_895549851.raw
895549851,6480966,False,322.0,403.0,285,44,20,24,0,0,0,0,3,1,2,2,data/boss5_games/6480966/game_895549851.raw
895549851,6480966,False,322.0,403.0,290,48,0,28,0,20,0,20,3,1,2,2,data/boss5_games/6480966/game_895549851.raw
895549851,6480966,False,322.0,403.0,295,0,0,0,0,0,0,0,3,1,2,2,data/boss5_games/6480966/game_895549851.raw
895549851,6480966,False,322.0,403.0,300,0,0,0,0,0,0,0,3,1,2,2,data/boss5_games/6480966/game_895549851.raw
895549961,boss,False,229.0,284.0,5,296,144,148,4,0,0,4,3,1,2,2,data/boss5_games/boss/game_895549961.raw
895549961,boss,False,229.0,284.0,10,317,36,199,82,0,0,122,3,1,2,2,data/boss5_games/boss/game_895549961.raw
895549961,boss,False,229.0,284.0,15,342,163,163,16,0,0,8,3,1,2,2,data/boss5_games/boss/game_895549961.raw
895549961,boss,False,229.0,284.0,20,360,192,152,16,0,0,0,3,1,2,2,data/boss5_games/boss/game_895549961.raw
895549961,boss,False,229.0,284.0,25,372,170,186,16,0,0,16,3,1,2,2,data/boss5_games/boss/game_895549961.raw
895549961,boss,False,229.0,284.0,30,374,171,187,16,0,0,16,3,1,2,2,data/boss5_games/boss/game_895549961.raw
895549961,boss,False,229.0,284.0,35,380,207,59,114,0,0,0,3,1,2,2,data/boss5_games/boss/game_895549961.raw
895549961,boss,False,229.0,284.0,40,386,175,193,18,0,0,18,3,1,2,2,data/boss5_games/boss/game_895549961.raw
895549961,boss,False,229.0,284.0,45,388,137,212,39,0,0,57,3,1,2,2,data/boss5_games/boss/game_895549961.raw
895549961,boss,False,229.0,284.0,50,390,253,39,98,0,0,0,3,1,2,2,data/boss5_games/boss/game_895549961.raw
895549961,boss,False,229.0,284.0,55,390,195,176,19,0,0,0,3,1,2,2,data/boss5_games/boss/game_895549961.raw
895549961,boss,False,229.0,284.0,60,390,97,79,214,0,0,98,3,1,2,2,data/boss5_games/boss/game_895549961.raw
895549961,boss,False,229.0,284.0,65,379,79,184,116,0,0,97,3,1,2,2,data/boss5_games/boss/game_895549961.raw
895549961,boss,False,229.0,284.0,70,375,59,234,82,0,4,101,3,1,2,2,data/boss5_games/boss/game_895549961.raw
895549961,boss,False,229.0,284.0,75,372,117,168,87,0,8,28,3,1,2,2,data/boss5_games/boss/game_895549961.raw
895549961,boss,False,229.0,284.0,80,400,78,204,118,0,12,71,3,1,2,2,data/boss5_games/boss/game_895549961.raw
895549961,boss,False,229.0,284.0,85,414,137,233,44,0,4,4,3,1,2,2,data/boss5_games/boss/game_895549961.raw
895549961,boss,False,229.0,284.0,90,412,117,228,67,0,8,8,3,1,2,2,data/boss5_games/boss/game_895549961.raw
895549961,boss,False,229.0,284.0,95,408,59,255,94,0,0,58,3,1,2,2,data/boss5_games/boss/game_895549961.raw
895549961,boss,False,229.0,284.0,100,392,44,271,77,0,0,77,3,1,2,2,data/boss5_games/boss/game_895549961.raw
895549961,boss,False,229.0,284.0,105,386,125,221,40,0,0,0,3,1,2,2,data/boss5_games/boss/game_895549961.raw
895549961,boss,False,229.0,284.0,110,394,39,98,257,0,0,117,3,1,2,2,data/boss5_games/boss/game_895549961.raw
895549961,boss,False,229.0,284.0,115,395,0,195,200,0,4,121,3,1,2,2,data/boss5_games/boss/game_895549961.raw
895549961,boss,False,229.0,284.0,120,396,153,136,107,0,0,0,3,1,2,2,data/boss5_games/boss/game_895549961.raw
895549961,boss,False,229.0,284.0,125,408,0,307,101,0,4,101,3,1,2,2,data/boss5_games/boss/game_895549961.raw
895549961,boss,False,229.0,284.0,130,401,105,172,124,0,0,0,3,1,2,2,data/boss5_games/boss/game_895549961.raw
895549961,boss,False,229.0,284.0,135,385,97,79,209,0,0,0,3,1,2,2,data/boss5_games/boss/game_895549961.raw
895549961,boss,False,229.0,284.0,140,392,58,193,141,0,4,43,3,1,2,2,data/boss5_games/boss/game_895549961.raw
895549961,boss,False,229.0,284.0,145,384,0,99,285,0,0,97,3,1,2,2,data/boss5_games/boss/game_895549961.raw
895549961,boss,False,229.0,284.0,150,365,77,201,87,0,4,24,3,1,2,2,data/boss5_games/boss/game_895549961.raw
895549961,boss,False,229.0,284.0,155,369,77,233,59,0,0,20,3,1,2,2,data/boss5_games/boss/game_895549961.raw
895549961,boss,False,229.0,284.0,160,357,0,190,167,0,0,97,3,1,2,2,data/boss5_games/boss/game_895549961.raw
895549961,boss,False,229.0,284.0,165,345,58,165,122,0,4,43,3,1,2,2,data/boss5_games/boss/game_895549961.raw
895549961,boss,False,229.0,284.0,170,369,39,197,133,0,0,58,3,1,2,2,data/boss5_games/boss/game_895549961.raw
895549961,boss,False,229.0,284.0,175,380,20,303,57,0,0,77,3,1,2,2,data/boss5_games/boss/game_895549961.raw
895549961,boss,False,229.0,284.0,180,384,101,78,205,0,0,0,3,1,2,2,data/boss5_games/boss/game_895549961.raw
895549961,boss,False,229.0,284.0,185,393,58,157,178,0,0,39,3,1,2,2,data/boss5_games/boss/game_895549961.raw
895549961,boss,False,229.0,284.0,190,392,20,295,77,0,0,77,3,1,2,2,data/boss5_games/boss/game_895549961.raw
895549961,boss,False,229.0,284.0,195,375,58,96,221,0,0,39,3,1,2,2,data/boss5_games/boss/game_895549961.raw
895549961,boss,False,229.0,284.0,200,371,20,76,275,0,0,77,3,1,2,2,data/boss5_games/boss/game_895549961.raw
895549961,boss,False,229.0,284.0,205,371,39,274,58,0,0,58,3,1,2,2,data/boss5_games/boss/game_895549961.raw
895549961,boss,False,229.0,284.0,210,364,59,115,190,0,0,38,3,1,2,2,data/boss5_games/boss/game_895549961.raw
895549961,boss,False,229.0,284.0,215,375,0,58,317,0,0,97,3,1,2,2,data/boss5_games/boss/game_895549961.raw
895549961,boss,False,229.0,284.0,220,376,0,154,222,0,0,97,3,1,2,2,data/boss5_games/boss/game_895549961.raw
895549961,boss,False,229.0,284.0,225,369,78,252,39,0,0,19,3,1,2,2,data/boss5_games/boss/game_895549961.raw
895549961,boss,False,229.0,284.0,230,364,0,63,301,0,0,97,3,1,2,2,data/boss5_games/boss/game_895549961.raw
895549961,boss,False,229.0,284.0,235,381,39,147,195,0,0,58,3,1,2,2,data/boss5_games/boss/game_895549961.raw
895549961,boss,False,229.0,284.0,240,370,77,238,55,0,0,20,3,1,2,2,data/boss5_games/boss/game_895549961.raw
895549961,boss,False,229.0,284.0,245,385,97,268,20,0,0,0,3,1,2,2,data/boss5_games/boss/game_895549961.raw
895549961,boss,False,229.0,284.0,250,349,57,252,40,0,0,20,3,1,2,2,data/boss5_games/boss/game_895549961.raw
895549961,boss,False,229.0,284.0,255,363,58,207,98,0,0,19,3,1,2,2,data/boss5_games/boss/game_895549961.raw
895549961,boss,False,229.0,284.0,260,348,97,173,78,0,0,19,3,1,2,2,data/boss5_games/boss/game_895549961.raw
895549961,boss,False,229.0,284.0,265,341,39,224,78,0,0,38,3,1,2,2,data/boss5_games/boss/game_895549961.raw
895549961,boss,False,229.0,284.0,270,361,77,284,0,0,0,0,3,1,2,2,data/boss5_games/boss/game_895549961.raw
895549961,boss,False,229.0,284.0,275,352,97,215,40,0,0,0,3,1,2,2,data/boss5_games/boss/game_895549961.raw
895549961,boss,False,229.0,284.0,280,347,39,269,39,0,0,19,3,1,2,2,data/boss5_games/boss/game_895549961.raw
895549961,boss,False,229.0,284.0,285,340,58,262,20,0,0,0,3,1,2,2,data/boss5_games/boss/game_895549961.raw
895549961,boss,False,229.0,284.0,290,343,19,180,0,144,0,39,3,1,2,2,data/boss5_games/boss/game_895549961.raw
895549961,boss,False,229.0,284.0,295,332,0,98,0,234,0,39,3,1,2,2,data/boss5_games/boss/game_895549961.raw
895549961,boss,False,229.0,284.0,300,315,0,0,0,315,0,39,3,1,2,2,data/boss5_games/boss/game_895549961.raw
895549976,boss,False,181.0,239.0,5,168,86,82,0,0,0,0,3,1,2,2,data/boss5_games/boss/game_895549976.raw
895549976,boss,False,181.0,239.0,10,202,105,97,0,0,0,0,3,1,2,2,data/boss5_games/boss/game_895549976.raw
895549976,boss,False,181.0,239.0,15,222,121,89,12,0,0,0,3,1,2,2,data/boss5_games/boss/game_895549976.raw
895549976,boss,False,181.0,239.0,20,254,145,109,0,0,0,0,3,1,2,2,data/boss5_games/boss/game_895549976.raw
895549976,boss,False,181.0,239.0,25,276,164,112,0,0,0,0,3,1,2,2,data/boss5_games/boss/game_895549976.raw
895549976,boss,False,181.0,239.0,30,293,180,113,0,0,0,0,3,1,2,2,data/boss5_games/boss/game_895549976.raw
895549976,boss,False,181.0,239.0,35,310,196,114,0,0,0,0,3,1,2,2,data/boss5_games/boss/game_895549976.raw
895549976,boss,False,181.0,239.0,40,324,91,217,16,0,16,114,3,1,2,2,data/boss5_games/boss/game_895549976.raw
895549976,boss,False,181.0,239.0,45,337,38,163,136,0,57,172,3,1,2,2,data/boss5_games/boss/game_895549976.raw
895549976,boss,False,181.0,239.0,50,332,118,136,78,0,59,78,3,1,2,2,data/boss5_games/boss/game_895549976.raw
895549976,boss,False,181.0,239.0,55,333,0,175,158,0,79,177,3,1,2,2,data/boss5_games/boss/game_895549976.raw
895549976,boss,False,181.0,239.0,60,339,60,200,79,0,0,98,3,1,2,2,data/boss5_games/boss/game_895549976.raw
895549976,boss,False,181.0,239.0,65,317,137,101,79,0,0,0,3,1,2,2,data/boss5_games/boss/game_895549976.raw
895549976,boss,False,181.0,239.0,70,313,102,89,122,0,0,0,3,1,2,2,data/boss5_games/boss/game_895549976.raw
895549976,boss,False,181.0,239.0,75,330,98,193,39,0,0,0,3,1,2,2,data/boss5_games/boss/game_895549976.raw
895549976,boss,False,181.0,239.0,80,335,19,257,59,0,0,59,3,1,2,2,data/boss5_games/boss/game_895549976.raw
895549976,boss,False,181.0,239.0,85,332,0,215,117,0,0,78,3,1,2,2,data/boss5_games/boss/game_895549976.raw
895549976,boss,False,181.0,239.0,90,345,0,135,210,0,0,78,3,1,2,2,data/boss5_games/boss/game_895549976.raw
895549976,boss,False,181.0,239.0,95,320,79,155,86,0,0,19,3,1,2,2,data/boss5_games/boss/game_895549976.raw
895549976,boss,False,181.0,239.0,100,330,40,232,58,0,0,19,3,1,2,2,data/boss5_games/boss/game_895549976.raw
895549976,boss,False,181.0,239.0,105,328,4,265,59,0,0,59,3,1,2,2,data/boss5_games/boss/game_895549976.raw
895549976,boss,False,181.0,239.0,110,332,0,175,157,0,0,59,3,1,2,2,data/boss5_games/boss/game_895549976.raw
895549976,boss,False,181.0,239.0,115,338,0,156,182,0,0,59,3,1,2,2,data/boss5_games/boss/game_895549976.raw
895549976,boss,False,181.0,239.0,120,330,0,200,130,0,0,59,3,1,2,2,data/boss5_games/boss/game_895549976.raw
895549976,boss,False,181.0,239.0,125,314,153,117,44,0,0,0,3,1,2,2,data/boss5_games/boss/game_895549976.raw
895549976,boss,False,181.0,239.0,130,317,4,274,39,0,0,39,3,1,2,2,data/boss5_games/boss/game_895549976.raw
895549976,boss,False,181.0,239.0,135,326,8,200,118,0,0,39,3,1,2,2,data/boss5_games/boss/game_895549976.raw
895549976,boss,False,181.0,239.0,140,319,0,158,161,0,0,39,3,1,2,2,data/boss5_games/boss/game_895549976.raw
895549976,boss,False,181.0,239.0,145,312,0,273,39,0,0,39,3,1,2,2,data/boss5_games/boss/game_895549976.raw
895549976,boss,False,181.0,239.0,150,323,4,197,122,0,0,39,3,1,2,2,data/boss5_games/boss/game_895549976.raw
895549976,boss,False,181.0,239.0,155,303,58,158,87,0,0,0,3,1,2,2,data/boss5_games/boss/game_895549976.raw
895549976,boss,False,181.0,239.0,160,295,0,276,19,0,0,19,3,1,2,2,data/boss5_games/boss/game_895549976.raw
895549976,boss,False,181.0,239.0,165,280,19,222,39,0,0,0,3,1,2,2,data/boss5_games/boss/game_895549976.raw
895549976,boss,False,181.0,239.0,170,272,4,249,19,0,0,19,3,1,2,2,data/boss5_games/boss/game_895549976.raw
895549976,boss,False,181.0,239.0,175,272,0,155,117,0,0,19,3,1,2,2,data/boss5_games/boss/game_895549976.raw
895549976,boss,False,181.0,239.0,180,276,0,276,0,0,0,19,3,1,2,2,data/boss5_games/boss/game_895549976.raw
895549976,boss,False,181.0,239.0,185,272,0,253,19,0,0,19,3,1,2,2,data/boss5_games/boss/game_895549976.raw
895549976,boss,False,181.0,239.0,190,268,4,198,66,0,0,19,3,1,2,2,data/boss5_games/boss/game_895549976.raw
895549976,boss,False,181.0,239.0,195,262,0,204,58,0,0,19,3,1,2,2,data/boss5_games/boss/game_895549976.raw
895549976,boss,False,181.0,239.0,200,262,0,77,185,0,0,19,3,1,2,2,data/boss5_games/boss/game_895549976.raw
895549976,boss,False,181.0,239.0,205,262,0,243,19,0,0,19,3,1,2,2,data/boss5_games/boss/game_895549976.raw
895549976,boss,False,181.0,239.0,210,249,0,132,117,0,0,19,3,1,2,2,data/boss5_games/boss/game_895549976.raw
895549976,boss,False,181.0,239.0,215,245,0,222,23,0,4,23,3,1,2,2,data/boss5_games/boss/game_895549976.raw
895549976,boss,False,181.0,239.0,220,248,58,119,71,0,0,0,3,1,2,2,data/boss5_games/boss/game_895549976.raw
895549976,boss,False,181.0,239.0,225,249,0,230,19,0,0,19,3,1,2,2,data/boss5_games/boss/game_895549976.raw
895549976,boss,False,181.0,239.0,230,248,0,131,117,0,0,19,3,1,2,2,data/boss5_games/boss/game_895549976.raw
895549976,boss,False,181.0,239.0,235,233,4,229,0,0,0,19,3,1,2,2,data/boss5_games/boss/game_895549976.raw
895549976,boss,False,181.0,239.0,240,241,0,156,85,0,8,27,3,1,2,2,data/boss5_games/boss/game_895549976.raw
895549976,boss,False,181.0,239.0,245,237,19,120,98,0,0,0,3,1,2,2,data/boss5_games/boss/game_895549976.raw
895549976,boss,False,181.0,239.0,250,253,0,128,125,0,0,19,3,1,2,2,data/boss5_games/boss/game_895549976.raw
895549976,boss,False,181.0,239.0,255,241,4,218,19,0,0,19,3,1,2,2,data/boss5_games/boss/game_895549976.raw
895549976,boss,False,181.0,239.0,260,217,19,100,98,0,0,0,3,1,2,2,data/boss5_games/boss/game_895549976.raw
895549976,boss,False,181.0,239.0,265,221,0,104,117,0,0,19,3,1,2,2,data/boss5_games/boss/game_895549976.raw
895549976,boss,False,181.0,239.0,270,209,0,190,19,0,0,19,3,1,2,2,data/boss5_games/boss/game_895549976.raw
895549976,boss,False,181.0,239.0,275,201,19,84,98,0,0,0,3,1,2,2,data/boss5_games/boss/game_895549976.raw
895549976,boss,False,181.0,239.0,280,189,4,166,19,0,0,19,3,1,2,2,data/boss5_games/boss/game_895549976.raw
895549976,boss,False,181.0,239.0,285,189,8,83,20,78,0,19,3,1,2,2,data/boss5_games/boss/game_895549976.raw
895549976,boss,False,181.0,239.0,290,165,0,48,20,97,0,19,3,1,2,2,data/boss5_games/boss/game_895549976.raw
895549976,boss,False,181.0,239.0,295,169,0,52,0,117,0,19,3,1,2,2,data/boss5_games/boss/game_895549976.raw
895549976,boss,False,181.0,239.0,300,153,0,0,0,153,0,19,3,1,2,2,data/boss5_games/boss/game_895549976.raw
895549991,boss,False,221.0,256.0,5,248,88,104,56,0,0,72,3,1,2,2,data/boss5_games/boss/game_895549991.raw
895549991,boss,False,221.0,256.0,10,267,117,113,37,0,0,53,3,1,2,2,data/boss5_games/boss/game_895549991.raw
895549991,boss,False,221.0,256.0,15,281,104,120,57,0,0,73,3,1,2,2,data/boss5_games/boss/game_895549991.raw
895549991,boss,False,221.0,256.0,20,298,131,129,38,0,0,55,3,1,2,2,data/boss5_games/boss/game_895549991.raw
895549991,boss,False,221.0,256.0,25,304,212,16,76,0,0,56,3,1,2,2,data/boss5_games/boss/game_895549991.raw
895549991,boss,False,221.0,256.0,30,305,0,252,53,0,0,189,3,1,2,2,data/boss5_games/boss/game_895549991.raw
895549991,boss,False,221.0,256.0,35,317,18,182,117,0,0,174,3,1,2,2,data/boss5_games/boss/game_895549991.raw
895549991,boss,False,221.0,256.0,40,307,18,211,78,0,0,156,3,1,2,2,data/boss5_games/boss/game_895549991.raw
895549991,boss,False,221.0,256.0,45,325,18,38,269,0,0,157,3,1,2,2,data/boss5_games/boss/game_895549991.raw
895549991,boss,False,221.0,256.0,50,320,40,19,261,0,0,158,3,1,2,2,data/boss5_games/boss/game_895549991.raw
895549991,boss,False,221.0,256.0,55,316,19,158,139,0,0,139,3,1,2,2,data/boss5_games/boss/game_895549991.raw
895549991,boss,False,221.0,256.0,60,297,0,198,99,0,0,139,3,1,2,2,data/boss5_games/boss/game_895549991.raw
895549991,boss,False,221.0,256.0,65,293,19,0,274,0,4,124,3,1,2,2,data/boss5_games/boss/game_895549991.raw
895549991,boss,False,221.0,256.0,70,307,20,38,249,0,8,147,3,1,2,2,data/boss5_games/boss/game_895549991.raw
895549991,boss,False,221.0,256.0,75,309,0,38,271,0,12,132,3,1,2,2,data/boss5_games/boss/game_895549991.raw
895549991,boss,False,221.0,256.0,80,316,0,0,316,0,0,120,3,1,2,2,data/boss5_games/boss/game_895549991.raw
895549991,boss,False,221.0,256.0,85,320,24,38,258,0,0,100,3,1,2,2,data/boss5_games/boss/game_895549991.raw
895549991,boss,False,221.0,256.0,90,339,4,28,307,0,0,120,3,1,2,2,data/boss5_games/boss/game_895549991.raw
895549991,boss,False,221.0,256.0,95,328,20,19,289,0,4,104,3,1,2,2,data/boss5_games/boss/game_895549991.raw
895549991,boss,False,221.0,256.0,100,312,0,208,104,0,4,124,3,1,2,2,data/boss5_games/boss/game_895549991.raw
895549991,boss,False,221.0,256.0,105,320,40,192,88,0,4,84,3,1,2,2,data/boss5_games/boss/game_895549991.raw
895549991,boss,False,221.0,256.0,110,309,80,78,151,0,0,40,3,1,2,2,data/boss5_games/boss/game_895549991.raw
895549991,boss,False,221.0,256.0,115,313,20,162,131,0,4,104,3,1,2,2,data/boss5_games/boss/game_895549991.raw
895549991,boss,False,221.0,256.0,120,302,100,114,88,0,0,20,3,1,2,2,data/boss5_games/boss/game_895549991.raw
895549991,boss,False,221.0,256.0,125,315,40,211,64,0,4,84,3,1,2,2,data/boss5_games/boss/game_895549991.raw
895549991,boss,False,221.0,256.0,130,326,80,206,40,0,0,40,3,1,2,2,data/boss5_games/boss/game_895549991.raw
895549991,boss,False,221.0,256.0,135,321,20,96,205,0,0,100,3,1,2,2,data/boss5_games/boss/game_895549991.raw
895549991,boss,False,221.0,256.0,140,307,40,135,132,0,0,80,3,1,2,2,data/boss5_games/boss/game_895549991.raw
895549991,boss,False,221.0,256.0,145,315,40,38,237,0,4,84,3,1,2,2,data/boss5_games/boss/game_895549991.raw
895549991,boss,False,221.0,256.0,150,311,80,139,92,0,8,48,3,1,2,2,data/boss5_games/boss/game_895549991.raw
895549991,boss,False,221.0,256.0,155,315,0,115,200,0,0,120,3,1,2,2,data/boss5_games/boss/game_895549991.raw
895549991,boss,False,221.0,256.0,160,327,76,136,115,0,4,104,3,1,2,2,data/boss5_games/boss/game_895549991.raw
895549991,boss,False,221.0,256.0,165,327,48,155,124,0,0,80,3,1,2,2,data/boss5_games/boss/game_895549991.raw
895549991,boss,False,221.0,256.0,170,311,128,115,68,0,0,20,3,1,2,2,data/boss5_games/boss/game_895549991.raw
895549991,boss,False,221.0,256.0,175,324,24,114,186,0,0,80,3,1,2,2,data/boss5_games/boss/game_895549991.raw
895549991,boss,False,221.0,256.0,180,331,60,231,40,0,0,40,3,1,2,2,data/boss5_games/boss/game_895549991.raw
895549991,boss,False,221.0,256.0,185,328,20,0,308,0,0,80,3,1,2,2,data/boss5_games/boss/game_895549991.raw
895549991,boss,False,221.0,256.0,190,329,60,95,174,0,0,40,3,1,2,2,data/boss5_games/boss/game_895549991.raw
895549991,boss,False,221.0,256.0,195,335,84,227,24,0,0,20,3,1,2,2,data/boss5_games/boss/game_895549991.raw
895549991,boss,False,221.0,256.0,200,318,60,214,44,0,0,40,3,1,2,2,data/boss5_games/boss/game_895549991.raw
895549991,boss,False,221.0,256.0,205,327,20,135,172,0,0,80,3,1,2,2,data/boss5_games/boss/game_895549991.raw
895549991,boss,False,221.0,256.0,210,327,20,223,84,0,4,84,3,1,2,2,data/boss5_games/boss/game_895549991.raw
895549991,boss,False,221.0,256.0,215,318,68,210,40,0,0,40,3,1,2,2,data/boss5_games/boss/game_895549991.raw
895549991,boss,False,221.0,256.0,220,322,20,77,225,0,0,80,3,1,2,2,data/boss5_games/boss/game_895549991.raw
895549991,boss,False,221.0,256.0,225,330,20,154,156,0,4,84,3,1,2,2,data/boss5_games/boss/game_895549991.raw
895549991,boss,False,221.0,256.0,230,334,68,226,40,0,0,40,3,1,2,2,data/boss5_games/boss/game_895549991.raw
895549991,boss,False,221.0,256.0,235,323,80,243,0,0,0,20,3,1,2,2,data/boss5_games/boss/game_895549991.raw
895549991,boss,False,221.0,256.0,240,304,44,240,20,0,0,40,3,1,2,2,data/boss5_games/boss/game_895549991.raw
895549991,boss,False,221.0,256.0,245,312,44,216,52,0,0,40,3,1,2,2,data/boss5_games/boss/game_895549991.raw
895549991,boss,False,221.0,256.0,250,298,40,206,52,0,0,40,3,1,2,2,data/boss5_games/boss/game_895549991.raw
895549991,boss,False,221.0,256.0,255,290,20,154,116,0,0,60,3,1,2,2,data/boss5_games/boss/game_895549991.raw
895549991,boss,False,221.0,256.0,260,302,24,38,240,0,0,60,3,1,2,2,data/boss5_games/boss/game_895549991.raw
895549991,boss,False,221.0,256.0,265,290,40,206,44,0,4,44,3,1,2,2,data/boss5_games/boss/game_895549991.raw
895549991,boss,False,221.0,256.0,270,298,0,154,144,0,8,88,3,1,2,2,data/boss5_games/boss/game_895549991.raw
895549991,boss,False,221.0,256.0,275,302,20,154,128,0,0,60,3,1,2,2,data/boss5_games/boss/game_895549991.raw
895549991,boss,False,221.0,256.0,280,302,44,151,107,0,0,40,3,1,2,2,data/boss5_games/boss/game_895549991.raw
895549991,boss,False,221.0,256.0,285,299,20,132,127,20,4,64,3,1,2,2,data/boss5_games/boss/game_895549991.raw
895549991,boss,False,221.0,256.0,290,303,0,135,8,160,8,88,3,1,2,2,data/boss5_games/boss/game_895549991.raw
895549991,boss,False,221.0,256.0,295,311,0,38,37,236,12,92,3,1,2,2,data/boss5_games/boss/game_895549991.raw
895549991,boss,False,221.0,256.0,300,300,0,0,0,300,0,80,3,1,2,2,data/boss5_games/boss/game_895549991.raw
895550010,boss,False,244.0,324.0,5,278,97,60,121,0,0,89,3,1,2,2,data/boss5_games/boss/game_895550010.raw
895550010,boss,False,244.0,324.0,10,277,56,50,171,0,0,114,3,1,2,2,data/boss5_games/boss/game_895550010.raw
895550010,boss,False,244.0,324.0,15,320,120,131,69,0,0,70,3,1,2,2,data/boss5_games/boss/game_895550010.raw
895550010,boss,False,244.0,324.0,20,319,32,137,150,0,0,150,3,1,2,2,data/boss5_games/boss/game_895550010.raw
895550010,boss,False,244.0,324.0,25,331,0,173,158,0,20,172,3,1,2,2,data/boss5_games/boss/game_895550010.raw
895550010,boss,False,244.0,324.0,30,344,59,140,145,0,8,105,3,1,2,2,data/boss5_games/boss/game_895550010.raw
895550010,boss,False,244.0,324.0,35,363,20,127,216,0,16,152,3,1,2,2,data/boss5_games/boss/game_895550010.raw
895550010,boss,False,244.0,324.0,40,355,40,160,155,0,20,116,3,1,2,2,data/boss5_games/boss/game_895550010.raw
895550010,boss,False,244.0,324.0,45,356,94,116,146,0,0,58,3,1,2,2,data/boss5_games/boss/game_895550010.raw
895550010,boss,False,244.0,324.0,50,370,20,114,236,0,24,140,3,1,2,2,data/boss5_games/boss/game_895550010.raw
895550010,boss,False,244.0,324.0,55,368,52,158,158,0,22,98,3,1,2,2,data/boss5_games/boss/game_895550010.raw
895550010,boss,False,244.0,324.0,60,373,20,182,171,0,34,130,3,1,2,2,data/boss5_games/boss/game_895550010.raw
895550010,boss,False,244.0,324.0,65,372,62,234,76,0,0,76,3,1,2,2,data/boss5_games/boss/game_895550010.raw
895550010,boss,False,244.0,324.0,70,369,63,193,113,0,0,57,3,1,2,2,data/boss5_games/boss/game_895550010.raw
895550010,boss,False,244.0,324.0,75,371,20,234,117,0,0,96,3,1,2,2,data/boss5_games/boss/game_895550010.raw
895550010,boss,False,244.0,324.0,80,361,59,118,184,0,0,57,3,1,2,2,data/boss5_games/boss/game_895550010.raw
895550010,boss,False,244.0,324.0,85,351,0,288,63,0,4,120,3,1,2,2,data/boss5_games/boss/game_895550010.raw
895550010,boss,False,244.0,324.0,90,339,48,175,116,0,0,76,3,1,2,2,data/boss5_games/boss/game_895550010.raw
895550010,boss,False,244.0,324.0,95,321,44,197,80,0,0,76,3,1,2,2,data/boss5_games/boss/game_895550010.raw
895550010,boss,False,244.0,324.0,100,311,59,163,89,0,0,57,3,1,2,2,data/boss5_games/boss/game_895550010.raw
895550010,boss,False,244.0,324.0,105,303,59,147,97,0,0,57,3,1,2,2,data/boss5_games/boss/game_895550010.raw
895550010,boss,False,244.0,324.0,110,303,20,179,104,0,4,100,3,1,2,2,data/boss5_games/boss/game_895550010.raw
895550010,boss,False,244.0,324.0,115,283,48,159,76,0,0,76,3,1,2,2,data/boss5_games/boss/game_895550010.raw
895550010,boss,False,244.0,324.0,120,295,20,143,132,0,16,112,3,1,2,2,data/boss5_games/boss/game_895550010.raw
895550010,boss,False,244.0,324.0,125,291,20,127,144,0,8,104,3,1,2,2,data/boss5_games/boss/game_895550010.raw
895550010,boss,False,244.0,324.0,130,299,44,175,80,0,0,76,3,1,2,2,data/boss5_games/boss/game_895550010.raw
895550010,boss,False,244.0,324.0,135,287,20,163,104,0,4,100,3,1,2,2,data/boss5_games/boss/game_895550010.raw
895550010,boss,False,244.0,324.0,140,275,20,111,144,0,8,104,3,1,2,2,data/boss5_games/boss/game_895550010.raw
895550010,boss,False,244.0,324.0,145,279,40,119,120,0,4,80,3,1,2,2,data/boss5_games/boss/game_895550010.raw
895550010,boss,False,244.0,324.0,150,285,40,165,80,0,0,76,3,1,2,2,data/boss5_games/boss/game_895550010.raw
895550010,boss,False,244.0,324.0,155,265,0,206,59,0,0,116,3,1,2,2,data/boss5_games/boss/game_895550010.raw
895550010,boss,False,244.0,324.0,160,261,44,101,116,0,0,76,3,1,2,2,data/boss5_games/boss/game_895550010.raw
895550010,boss,False,244.0,324.0,165,247,40,79,128,0,0,76,3,1,2,2,data/boss5_games/boss/game_895550010.raw
895550010,boss,False,244.0,324.0,170,251,40,135,76,0,0,76,3,1,2,2,data/boss5_games/boss/game_895550010.raw
895550010,boss,False,244.0,324.0,175,247,40,55,152,0,4,80,3,1,2,2,data/boss5_games/boss/game_895550010.raw
895550010,boss,False,244.0,324.0,180,251,0,127,124,0,8,124,3,1,2,2,data/boss5_games/boss/game_895550010.raw
895550010,boss,False,244.0,324.0,185,257,20,93,144,0,0,96,3,1,2,2,data/boss5_games/boss/game_895550010.raw
895550010,boss,False,244.0,324.0,190,259,44,99,116,0,0,76,3,1,2,2,data/boss5_games/boss/game_895550010.raw
895550010,boss,False,244.0,324.0,195,243,78,119,46,0,0,38,3,1,2,2,data/boss5_games/boss/game_895550010.raw
895550010,boss,False,244.0,324.0,200,239,40,123,76,0,0,76,3,1,2,2,data/boss5_games/boss/game_895550010.raw
895550010,boss,False,244.0,324.0,205,245,44,125,76,0,0,76,3,1,2,2,data/boss5_games/boss/game_895550010.raw
895550010,boss,False,244.0,324.0,210,231,20,63,148,0,0,96,3,1,2,2,data/boss5_games/boss/game_895550010.raw
895550010,boss,False,244.0,324.0,215,219,20,141,58,0,0,96,3,1,2,2,data/boss5_games/boss/game_895550010.raw
895550010,boss,False,244.0,324.0,220,211,44,51,116,0,0,76,3,1,2,2,data/boss5_games/boss/game_895550010.raw
895550010,boss,False,244.0,324.0,225,211,20,51,140,0,0,96,3,1,2,2,data/boss5_games/boss/game_895550010.raw
895550010,boss,False,244.0,324.0,230,211,0,133,78,0,0,116,3,1,2,2,data/boss5_games/boss/game_895550010.raw
895550010,boss,False,244.0,324.0,235,207,40,51,116,0,0,76,3,1,2,2,data/boss5_games/boss/game_895550010.raw
895550010,boss,False,244.0,324.0,240,219,20,59,140,0,4,100,3,1,2,2,data/boss5_games/boss/game_895550010.raw
895550010,boss,False,244.0,324.0,245,219,20,95,104,0,8,104,3,1,2,2,data/boss5_games/boss/game_895550010.raw
895550010,boss,False,244.0,324.0,250,223,59,117,47,0,0,57,3,1,2,2,data/boss5_games/boss/game_895550010.raw
895550010,boss,False,244.0,324.0,255,211,63,62,86,0,0,57,3,1,2,2,data/boss5_games/boss/game_895550010.raw
895550010,boss,False,244.0,324.0,260,216,20,92,104,0,8,104,3,1,2,2,data/boss5_games/boss/game_895550010.raw
895550010,boss,False,244.0,324.0,265,224,44,80,100,0,0,76,3,1,2,2,data/boss5_games/boss/game_895550010.raw
895550010,boss,False,244.0,324.0,270,241,52,151,38,0,0,76,3,1,2,2,data/boss5_games/boss/game_895550010.raw
895550010,boss,False,244.0,324.0,275,243,64,103,76,0,0,76,3,1,2,2,data/boss5_games/boss/game_895550010.raw
895550010,boss,False,244.0,324.0,280,246,70,100,76,0,0,76,3,1,2,2,data/boss5_games/boss/game_895550010.raw
895550010,boss,False,244.0,324.0,285,249,26,67,0,156,0,116,3,1,2,2,data/boss5_games/boss/game_895550010.raw
895550010,boss,False,244.0,324.0,290,238,22,60,0,156,0,116,3,1,2,2,data/boss5_games/boss/game_895550010.raw
895550010,boss,False,244.0,324.0,295,238,18,8,0,212,0,120,3,1,2,2,data/boss5_games/boss/game_895550010.raw
895550010,boss,False,244.0,324.0,300,253,0,0,0,253,0,148,3,1,2,2,data/boss5_games/boss/game_895550010.raw
