iter,env_steps,margin,win_rate,my_wood,opp_wood,ep_return,n_trolls,entropy,v_loss,pg_loss,grad_norm
1,2400,-2.88,0.375,14.25,7.75,-0.7,1.38,1.416,1.8753,-0.0236,5.489
2,4800,8.5,0.25,16.62,9.0,2.41,1.62,1.351,1.8619,0.1642,4.301
3,7200,-0.88,0.5,13.75,9.75,-0.19,1.38,1.441,1.3127,-0.131,2.706
4,9600,44.38,0.625,23.75,5.75,11.36,1.75,1.315,1.3162,0.1673,1.904
5,12000,-28.25,0.375,10.88,14.25,-7.03,1.38,1.45,1.5706,-0.1005,3.292
6,14400,-14.5,0.375,15.12,14.5,-3.41,1.62,1.371,1.9627,0.0117,3.075
7,16800,-15.62,0.25,5.12,4.0,-3.86,1.12,1.468,0.4209,-0.0468,0.86
8,19200,-8.0,0.25,14.88,13.25,-1.98,1.62,1.353,1.5465,0.0917,2.274
9,21600,-8.62,0.375,15.0,10.0,-1.97,1.62,1.357,1.4077,0.0546,2.024
10,24000,-27.25,0.25,6.0,10.88,-6.8,1.12,1.441,1.0769,-0.0801,0.732
11,26400,-23.75,0.125,7.75,9.88,-5.89,1.25,1.433,0.9016,-0.0195,0.607
12,28800,-13.0,0.25,13.75,11.5,-3.09,1.5,1.365,1.2159,0.0236,0.905
13,31200,4.0,0.5,19.0,13.25,1.0,1.62,1.354,1.0216,-0.0138,0.941
14,33600,1.25,0.25,11.12,8.38,0.45,1.25,1.387,1.2461,-0.0912,1.854
15,36000,-21.25,0.25,11.38,14.12,-5.14,1.38,1.405,1.3727,-0.057,0.862
16,38400,-6.62,0.5,15.12,12.5,-1.59,1.5,1.38,1.1736,0.0314,1.017
17,40800,-52.5,0.0,2.62,9.75,-13.12,1.12,1.455,1.1227,-0.0344,0.692
18,43200,42.25,0.5,29.0,10.5,10.59,2.0,1.329,1.5286,-0.1612,2.171
19,45600,12.12,0.375,10.5,2.88,3.33,1.25,1.386,1.1052,-0.2141,2.664
20,48000,-4.75,0.25,13.0,9.5,-1.03,1.5,1.387,1.3536,0.0167,1.314
21,50400,-23.12,0.25,13.5,15.75,-5.75,1.5,1.394,1.1829,0.0002,0.88
22,52800,11.62,0.5,20.0,10.38,2.95,1.75,1.371,1.0964,0.0186,1.15
23,55200,7.38,0.375,15.0,8.62,1.97,1.5,1.399,0.9339,0.0155,1.278
24,57600,-4.12,0.25,9.88,3.12,-0.98,1.25,1.398,0.5749,-0.076,1.416
25,60000,8.88,0.375,14.62,9.38,2.36,1.38,1.4,1.1896,-0.1871,1.869
26,62400,32.62,0.5,27.62,12.25,8.3,1.88,1.343,1.1584,-0.0792,1.234
27,64800,24.25,0.75,21.5,9.25,6.11,1.75,1.362,1.0871,-0.1424,1.354
28,67200,37.62,0.625,25.12,6.88,9.56,1.62,1.35,0.833,-0.0885,1.583
29,69600,35.62,0.75,20.88,6.62,9.05,1.75,1.34,0.7994,-0.0219,1.154
30,72000,55.62,0.5,26.5,5.5,14.11,1.75,1.292,0.6957,-0.0408,1.551
31,74400,3.88,0.5,16.5,11.25,1.0,1.62,1.365,0.7352,0.1215,0.902
32,76800,2.0,0.375,6.62,3.12,0.66,1.25,1.418,0.4065,0.0782,0.886
33,79200,-4.5,0.375,13.38,9.0,-1.05,1.38,1.402,0.9297,-0.2321,0.895
34,81600,-28.88,0.25,8.38,13.25,-7.17,1.25,1.416,0.8933,-0.0589,0.821
35,84000,0.12,0.5,13.75,8.25,0.41,1.5,1.392,0.7566,-0.0411,0.442
36,86400,-2.38,0.5,18.38,14.88,-0.59,1.5,1.358,1.1334,-0.1785,1.0
37,88800,-0.25,0.375,16.5,12.0,-0.03,1.62,1.357,0.926,0.0344,0.758
38,91200,-26.62,0.125,8.0,12.12,-6.62,1.38,1.397,0.7279,0.2105,1.411
39,93600,30.75,0.75,23.62,9.62,7.84,1.88,1.289,0.9305,0.1439,1.101
40,96000,21.62,0.5,16.0,5.88,5.55,1.5,1.348,0.5699,0.1404,0.757
41,98400,3.62,0.375,18.0,8.5,0.94,1.5,1.339,0.9069,-0.1157,1.046
42,100800,9.88,0.5,12.75,5.25,2.47,1.5,1.381,0.5142,0.0437,0.484
43,103200,-16.88,0.375,16.75,16.75,-4.2,1.75,1.329,0.9712,0.0066,1.671
44,105600,-12.5,0.25,12.38,11.25,-3.08,1.5,1.367,0.7163,0.0721,1.213
45,108000,34.25,0.75,26.88,13.25,8.69,1.88,1.26,0.6257,-0.0596,0.715
46,110400,42.88,0.5,26.25,8.88,10.98,1.75,1.303,0.8815,-0.056,0.416
47,112800,22.38,0.375,21.0,10.12,5.8,1.75,1.299,0.9185,-0.0725,0.553
48,115200,29.5,0.625,24.12,10.12,7.62,1.75,1.324,0.9843,-0.0879,0.483
49,117600,-5.38,0.375,15.5,13.12,-1.33,1.5,1.366,0.9142,-0.1083,0.758
50,120000,14.75,0.375,17.5,11.12,3.7,1.62,1.344,0.8346,-0.0789,0.456
51,122400,-18.5,0.25,10.5,11.0,-4.59,1.5,1.373,0.8185,0.0658,0.863
52,124800,-3.62,0.125,13.25,9.25,-0.64,1.62,1.332,0.6442,0.0902,1.122
53,127200,0.88,0.375,15.5,8.88,0.23,1.5,1.35,0.7426,-0.1512,0.478
54,129600,10.38,0.5,16.5,11.38,2.59,1.5,1.359,1.0706,-0.2246,0.954
55,132000,43.38,0.5,22.38,3.25,11.0,1.62,1.312,0.4965,-0.0494,1.042
56,134400,23.25,0.625,22.38,8.25,5.97,1.62,1.317,0.8672,-0.1144,0.799
57,136800,47.0,0.5,26.38,8.25,12.33,1.75,1.278,0.9847,-0.0944,0.924
58,139200,0.0,0.375,17.0,12.38,0.02,1.62,1.353,1.0455,-0.101,0.444
59,141600,-4.25,0.5,16.25,13.25,-1.05,1.62,1.354,0.8905,-0.058,0.583
60,144000,-16.0,0.5,15.12,15.62,-3.97,1.5,1.356,0.8963,-0.1446,0.979
61,146400,-18.62,0.375,7.75,11.12,-4.64,1.25,1.39,0.9172,-0.0973,0.452
62,148800,-25.5,0.125,10.5,14.0,-6.36,1.5,1.382,0.708,0.1043,0.949
63,151200,9.5,0.5,18.5,12.12,2.52,1.62,1.354,1.0102,-0.0945,0.716
64,153600,10.12,0.625,18.75,13.0,2.81,1.5,1.341,1.0508,-0.1445,0.875
65,156000,-11.5,0.5,15.62,14.5,-2.84,1.5,1.367,1.078,-0.0688,0.609
66,158400,-10.0,0.25,5.0,4.25,-2.41,1.12,1.406,0.6051,-0.1178,0.913
67,160800,89.38,0.875,35.0,2.0,22.61,1.88,1.276,0.7931,-0.0931,2.61
68,163200,-1.38,0.25,14.25,9.75,-0.31,1.5,1.375,0.6218,-0.0972,0.344
69,165600,80.62,0.75,34.5,5.62,20.53,2.0,1.272,0.9367,-0.0529,1.681
70,168000,2.0,0.5,11.62,6.5,0.66,1.38,1.412,0.8858,-0.1421,0.923
71,170400,32.12,0.5,21.75,7.88,8.16,1.75,1.373,0.7945,-0.023,0.684
72,172800,12.12,0.25,14.75,6.12,3.08,1.5,1.401,0.5187,-0.0137,0.386
73,175200,12.12,0.5,13.25,3.5,3.22,1.38,1.382,0.4915,-0.1157,0.349
74,177600,41.75,0.625,26.25,10.25,10.53,1.75,1.341,0.7056,-0.1193,0.35
75,180000,54.75,0.75,25.25,5.25,13.7,1.62,1.337,0.9268,-0.0939,1.169
76,182400,-8.62,0.125,8.5,8.88,-2.12,1.38,1.446,0.6806,0.0046,0.541
77,184800,-11.38,0.375,15.75,16.12,-2.7,1.62,1.394,1.168,0.0042,1.249
78,187200,30.38,0.375,22.62,8.75,7.62,1.75,1.358,0.5913,0.0692,0.862
79,189600,6.75,0.5,14.0,9.12,1.88,1.5,1.418,1.0706,0.0765,0.578
80,192000,5.62,0.375,14.5,9.12,1.42,1.5,1.41,0.7243,0.0093,0.682
81,194400,7.12,0.5,16.62,10.62,1.83,1.5,1.405,0.8645,-0.0958,0.833
82,196800,-21.5,0.25,12.25,13.88,-5.34,1.5,1.434,0.9114,0.0595,1.262
83,199200,22.25,0.5,19.38,5.62,5.61,1.62,1.391,0.5962,0.0214,0.8
84,201600,-25.38,0.375,6.38,7.5,-6.31,1.25,1.474,0.6117,0.0744,1.353
85,204000,-16.75,0.375,11.88,12.12,-4.09,1.5,1.45,0.6739,0.1237,1.069
86,206400,-14.12,0.125,7.75,5.12,-3.39,1.38,1.444,0.4947,0.1116,1.179
87,208800,-22.88,0.25,9.88,11.0,-5.66,1.38,1.455,0.8118,0.0313,0.942
88,211200,8.0,0.5,11.25,3.25,2.19,1.38,1.447,0.3711,0.0345,0.378
89,213600,40.25,0.5,21.75,5.0,10.12,1.75,1.391,0.7904,-0.1491,0.731
90,216000,39.5,0.625,22.0,7.12,9.88,1.62,1.388,0.8241,-0.0622,0.89
91,218400,7.12,0.625,13.5,8.5,1.8,1.5,1.433,0.6731,-0.0734,0.516
92,220800,-30.5,0.25,12.5,16.88,-7.41,1.5,1.429,1.4934,-0.0409,0.663
93,223200,-15.75,0.375,11.5,12.25,-3.89,1.38,1.441,1.0082,-0.1962,0.738
94,225600,-17.88,0.25,12.5,12.25,-4.41,1.38,1.429,0.9503,-0.0712,0.719
95,228000,-0.88,0.25,15.0,12.12,-0.2,1.5,1.424,0.9451,-0.1262,0.559
96,230400,-40.0,0.125,8.0,13.75,-9.95,1.38,1.447,0.8662,0.0581,0.917
97,232800,7.38,0.375,16.38,9.0,1.88,1.62,1.409,0.7032,0.013,0.452
98,235200,33.75,0.5,18.5,3.75,8.58,1.62,1.4,0.8305,-0.0522,1.239
99,237600,33.38,0.5,23.62,6.25,8.34,1.88,1.38,0.7337,-0.1242,0.531
100,240000,18.25,0.375,21.25,11.12,4.7,1.62,1.379,0.9247,-0.1225,0.659
101,242400,-12.5,0.375,13.62,12.5,-2.97,1.5,1.399,1.1085,-0.1714,0.435
102,244800,11.5,0.75,9.75,5.5,2.89,1.38,1.432,0.6273,0.0256,1.506
103,247200,2.62,0.375,11.5,6.5,0.81,1.5,1.42,0.6167,0.1532,0.792
104,249600,20.88,0.5,16.12,6.12,5.25,1.5,1.391,0.7818,-0.0797,1.042
105,252000,16.38,0.375,15.62,7.0,4.14,1.5,1.396,0.8331,-0.1961,0.762
106,254400,40.88,0.75,24.12,9.0,10.44,1.88,1.368,0.6307,-0.0583,0.477
107,256800,-0.88,0.375,9.62,7.25,-0.05,1.25,1.397,0.7083,-0.1113,0.824
108,259200,-6.5,0.375,12.0,8.38,-1.61,1.38,1.395,0.648,-0.0487,0.376
109,261600,-16.62,0.25,11.38,12.62,-4.08,1.38,1.387,1.0058,-0.1414,0.602
110,264000,-1.62,0.375,18.25,14.25,-0.41,1.62,1.383,0.8252,-0.0744,0.743
111,266400,13.5,0.5,17.25,10.5,3.52,1.5,1.365,0.9905,-0.1132,0.628
112,268800,16.25,0.5,19.25,10.0,4.22,1.62,1.381,1.0206,-0.0166,0.513
113,271200,-9.75,0.25,13.62,11.25,-2.41,1.5,1.4,0.6102,0.0966,0.703
114,273600,52.75,0.5,25.25,7.0,13.33,1.62,1.334,0.7081,-0.1719,1.139
115,276000,9.75,0.375,13.38,5.25,2.59,1.5,1.401,0.4454,-0.0745,0.326
116,278400,-12.62,0.125,9.5,8.12,-3.12,1.38,1.405,0.5025,0.0143,0.859
117,280800,21.25,0.5,16.25,5.75,5.36,1.38,1.349,0.5293,-0.1209,0.516
118,283200,29.38,0.375,18.38,7.38,7.39,1.38,1.357,0.8699,-0.2774,1.335
119,285600,14.62,0.5,17.62,7.25,3.7,1.5,1.348,0.9747,-0.1355,0.56
120,288000,5.62,0.5,18.88,14.0,1.41,1.75,1.355,1.1064,-0.0947,0.387
121,290400,27.12,0.5,21.75,8.62,6.94,1.5,1.322,1.3035,-0.1333,0.78
122,292800,-2.88,0.625,16.0,12.25,-0.7,1.62,1.37,1.325,-0.0472,0.671
123,295200,4.0,0.375,8.0,4.38,1.05,1.25,1.426,0.3199,-0.0802,0.306
124,297600,-22.38,0.375,13.62,16.62,-5.59,1.62,1.414,1.0737,0.1466,1.507
125,300000,-29.88,0.25,8.12,15.5,-7.33,1.38,1.377,1.1393,-0.0153,0.876
126,302400,-10.0,0.375,11.25,10.38,-2.31,1.5,1.383,0.9255,-0.0283,0.477
127,304800,17.12,0.375,15.25,5.12,4.3,1.5,1.381,0.39,0.0188,0.684
128,307200,-12.0,0.375,12.5,11.5,-2.97,1.62,1.439,0.5187,0.2054,1.234
129,309600,22.5,0.375,15.88,3.38,5.8,1.5,1.376,0.6451,-0.1048,0.412
130,312000,11.75,0.5,20.38,13.38,2.97,1.62,1.38,0.9068,-0.127,0.42
131,314400,-28.75,0.125,3.12,6.38,-7.09,1.12,1.422,0.3895,-0.014,0.579
132,316800,6.62,0.25,18.62,13.5,1.72,1.88,1.42,0.7263,0.1541,1.297
133,319200,19.12,0.5,17.0,9.0,4.91,1.5,1.375,0.9496,-0.0375,0.929
134,321600,-10.38,0.25,17.38,19.12,-2.56,1.62,1.394,1.0378,-0.0685,0.637
135,324000,-2.38,0.375,17.25,14.12,-0.45,1.62,1.384,1.1402,-0.1001,0.456
136,326400,-15.0,0.375,11.88,11.75,-3.48,1.38,1.372,0.9918,-0.0089,0.479
137,328800,-35.5,0.0,0.12,7.75,-8.84,1.0,1.404,0.4288,-0.0103,0.486
138,331200,54.12,0.5,25.12,3.5,13.58,1.62,1.369,0.6102,-0.162,1.615
139,333600,0.5,0.625,16.5,11.62,0.41,1.5,1.376,1.3293,-0.0606,0.651
140,336000,-2.75,0.5,15.75,13.88,-0.67,1.5,1.387,1.0654,-0.0031,0.522
141,338400,23.62,0.5,19.38,6.25,6.06,1.5,1.373,0.7949,-0.1405,0.776
142,340800,52.88,0.625,29.12,7.25,13.22,1.75,1.354,0.8585,-0.0438,1.086
143,343200,37.75,0.75,18.75,6.38,9.56,1.5,1.38,0.7773,-0.1271,1.577
144,345600,57.5,0.625,28.25,6.25,14.95,1.75,1.366,0.8387,-0.1687,1.372
145,348000,20.12,0.5,18.25,7.5,5.06,1.5,1.379,0.6355,-0.0495,0.605
146,350400,20.88,0.375,21.75,11.0,5.23,1.88,1.421,0.9107,-0.017,0.641
147,352800,-25.38,0.375,12.75,18.12,-6.33,1.5,1.409,1.0747,-0.007,0.89
148,355200,15.0,0.5,19.38,11.75,3.91,1.5,1.375,1.069,-0.1279,0.698
149,357600,30.0,0.625,19.38,6.12,7.53,1.62,1.395,0.5159,-0.1644,0.45
150,360000,6.62,0.25,15.0,8.38,1.67,1.5,1.403,0.6966,-0.0,0.708
